lambda_1,lambda_2,lambda_3,frob_norm
0.0,0.0,1.0,1.20000100000875
0.0,0.022727272727272728,0.9772727272727273,1.1666676666756668
0.0,0.045454545454545456,0.9545454545454546,1.1428581428663296
0.0,0.06818181818181818,0.9318181818181818,1.1250010000093325
0.0,0.09090909090909091,0.9090909090909091,1.1111121111205604
0.0,0.11363636363636363,0.8863636363636364,1.1000010000095455
0.0,0.13636363636363635,0.8636363636363636,1.1000010000095455
0.0,0.1590909090909091,0.8409090909090909,1.1000010000095455
0.0,0.18181818181818182,0.8181818181818182,1.1000010000095455
0.0,0.20454545454545456,0.7954545454545454,1.1000010000095455
0.0,0.22727272727272727,0.7727272727272727,1.1000010000095457
0.0,0.25,0.75,1.1000010000095457
0.0,0.2727272727272727,0.7272727272727273,1.1000010000095457
0.0,0.29545454545454547,0.7045454545454546,1.1000010000095457
0.0,0.3181818181818182,0.6818181818181818,1.1000010000095455
0.0,0.3409090909090909,0.6590909090909091,1.1000010000095455
0.0,0.36363636363636365,0.6363636363636364,4.69041575982343e-06
0.0,0.38636363636363635,0.6136363636363636,4.69041575982343e-06
0.0,0.4090909090909091,0.5909090909090909,4.69041575982343e-06
0.0,0.4318181818181818,0.5681818181818182,4.69041575982343e-06
0.0,0.45454545454545453,0.5454545454545454,4.69041575982343e-06
0.0,0.4772727272727273,0.5227272727272727,4.69041575982343e-06
0.0,0.5,0.5,4.69041575982343e-06
0.0,0.5227272727272727,0.4772727272727273,4.69041575982343e-06
0.0,0.5454545454545454,0.45454545454545453,4.69041575982343e-06
0.0,0.5681818181818182,0.4318181818181818,4.69041575982343e-06
0.0,0.5909090909090909,0.4090909090909091,4.69041575982343e-06
0.0,0.6136363636363636,0.38636363636363635,4.69041575982343e-06
0.0,0.6363636363636364,0.36363636363636365,4.69041575982343e-06
0.0,0.6590909090909091,0.3409090909090909,4.69041575982343e-06
0.0,0.6818181818181818,0.3181818181818182,4.69041575982343e-06
0.0,0.7045454545454546,0.29545454545454547,1.1000010000095457
0.0,0.7272727272727273,0.2727272727272727,1.1000010000095455
0.0,0.75,0.25,1.1000010000095457
0.0,0.7727272727272727,0.22727272727272727,1.1000010000095455
0.0,0.7954545454545454,0.20454545454545456,1.1000010000095455
0.0,0.8181818181818182,0.18181818181818182,1.1000010000095455
0.0,0.8409090909090909,0.1590909090909091,1.1000010000095455
0.0,0.8636363636363636,0.13636363636363635,1.1000010000095457
0.0,0.8863636363636364,0.11363636363636363,1.1000010000095455
0.0,0.9090909090909091,0.09090909090909091,1.686269373505313
0.0,0.9318181818181818,0.06818181818181818,1.8023849079882293
0.0,0.9545454545454546,0.045454545454545456,1.8023849079882295
0.0,0.9772727272727273,0.022727272727272728,1.8023849079882295
0.0,1.0,0.0,1.7286348119442345
0.022727272727272728,0.0,0.9772727272727273,1.6776679103485603
0.022727272727272728,0.022727272727272728,0.9545454545454546,1.6402936951147435
0.022727272727272728,0.045454545454545456,0.9318181818181818,1.6116943717243932
0.022727272727272728,0.06818181818181818,0.9090909090909091,1.5890946451757824
0.022727272727272728,0.09090909090909091,0.8863636363636364,1.570780769588473
0.022727272727272728,0.11363636363636363,0.8636363636363636,1.1000010000095448
0.022727272727272728,0.13636363636363635,0.8409090909090909,1.1000010000095455
0.022727272727272728,0.1590909090909091,0.8181818181818182,1.1000010000095457
0.022727272727272728,0.18181818181818182,0.7954545454545454,1.1000010000095457
0.022727272727272728,0.20454545454545456,0.7727272727272727,1.1000010000095457
0.022727272727272728,0.22727272727272727,0.75,1.1000010000095457
0.022727272727272728,0.25,0.7272727272727273,1.1000010000095455
0.022727272727272728,0.2727272727272727,0.7045454545454546,1.1000010000095455
0.022727272727272728,0.29545454545454547,0.6818181818181818,4.69041575982343e-06
0.022727272727272728,0.3181818181818182,0.6590909090909091,4.69041575982343e-06
0.022727272727272728,0.3409090909090909,0.6363636363636364,4.69041575982343e-06
0.022727272727272728,0.36363636363636365,0.6136363636363636,4.69041575982343e-06
0.022727272727272728,0.38636363636363635,0.5909090909090909,4.69041575982343e-06
0.022727272727272728,0.4090909090909091,0.5681818181818182,4.69041575982343e-06
0.022727272727272728,0.4318181818181818,0.5454545454545454,4.69041575982343e-06
0.022727272727272728,0.45454545454545453,0.5227272727272727,4.69041575982343e-06
0.022727272727272728,0.4772727272727273,0.5,4.69041575982343e-06
0.022727272727272728,0.5,0.4772727272727273,4.69041575982343e-06
0.022727272727272728,0.5227272727272727,0.45454545454545453,4.69041575982343e-06
0.022727272727272728,0.5454545454545454,0.4318181818181818,4.69041575982343e-06
0.022727272727272728,0.5681818181818182,0.4090909090909091,4.69041575982343e-06
0.022727272727272728,0.5909090909090909,0.38636363636363635,4.69041575982343e-06
0.022727272727272728,0.6136363636363636,0.36363636363636365,4.69041575982343e-06
0.022727272727272728,0.6363636363636364,0.3409090909090909,4.69041575982343e-06
0.022727272727272728,0.6590909090909091,0.3181818181818182,4.69041575982343e-06
0.022727272727272728,0.6818181818181818,0.29545454545454547,1.1000010000095457
0.022727272727272728,0.7045454545454546,0.2727272727272727,1.1000010000095455
0.022727272727272728,0.7272727272727273,0.25,1.1000010000095455
0.022727272727272728,0.75,0.22727272727272727,1.1000010000095455
0.022727272727272728,0.7727272727272727,0.20454545454545456,1.1000010000095455
0.022727272727272728,0.7954545454545454,0.18181818181818182,1.1000010000095457
0.022727272727272728,0.8181818181818182,0.1590909090909091,1.1000010000095455
0.022727272727272728,0.8409090909090909,0.13636363636363635,1.1000010000095455
0.022727272727272728,0.8636363636363636,0.11363636363636363,1.1000010000095455
0.022727272727272728,0.8863636363636364,0.09090909090909091,1.8732336746978473
0.022727272727272728,0.9090909090909091,0.06818181818181818,2.200001000004773
0.022727272727272728,0.9318181818181818,0.045454545454545456,2.1448040890025784
0.022727272727272728,0.9545454545454546,0.022727272727272728,1.9623321949316435
0.022727272727272728,0.9772727272727273,0.0,1.844203210360258
0.045454545454545456,0.0,0.9545454545454546,1.7610538624154306
0.045454545454545456,0.022727272727272728,0.9318181818181818,1.699172112295711
0.045454545454545456,0.045454545454545456,0.9090909090909091,1.651239606435068
0.045454545454545456,0.06818181818181818,0.8863636363636364,1.6129742966655363
0.045454545454545456,0.09090909090909091,0.8636363636363636,1.5816956587089557
0.045454545454545456,0.11363636363636363,0.8409090909090909,1.100001000009546
0.045454545454545456,0.13636363636363635,0.8181818181818182,1.1000010000095448
0.045454545454545456,0.1590909090909091,0.7954545454545454,1.1000010000095455
0.045454545454545456,0.18181818181818182,0.7727272727272727,4.69041575982343e-06
0.045454545454545456,0.20454545454545456,0.75,4.69041575982343e-06
0.045454545454545456,0.22727272727272727,0.7272727272727273,4.69041575982343e-06
0.045454545454545456,0.25,0.7045454545454546,4.69041575982343e-06
0.045454545454545456,0.2727272727272727,0.6818181818181818,4.69041575982343e-06
0.045454545454545456,0.29545454545454547,0.6590909090909091,4.69041575982343e-06
0.045454545454545456,0.3181818181818182,0.6363636363636364,4.69041575982343e-06
0.045454545454545456,0.3409090909090909,0.6136363636363636,4.69041575982343e-06
0.045454545454545456,0.36363636363636365,0.5909090909090909,4.69041575982343e-06
0.045454545454545456,0.38636363636363635,0.5681818181818182,4.69041575982343e-06
0.045454545454545456,0.4090909090909091,0.5454545454545454,4.69041575982343e-06
0.045454545454545456,0.4318181818181818,0.5227272727272727,4.69041575982343e-06
0.045454545454545456,0.45454545454545453,0.5,4.69041575982343e-06
0.045454545454545456,0.4772727272727273,0.4772727272727273,4.69041575982343e-06
0.045454545454545456,0.5,0.45454545454545453,4.69041575982343e-06
0.045454545454545456,0.5227272727272727,0.4318181818181818,4.69041575982343e-06
0.045454545454545456,0.5454545454545454,0.4090909090909091,4.69041575982343e-06
0.045454545454545456,0.5681818181818182,0.38636363636363635,4.69041575982343e-06
0.045454545454545456,0.5909090909090909,0.36363636363636365,4.69041575982343e-06
0.045454545454545456,0.6136363636363636,0.3409090909090909,4.69041575982343e-06
0.045454545454545456,0.6363636363636364,0.3181818181818182,1.1000010000095457
0.045454545454545456,0.6590909090909091,0.29545454545454547,1.1000010000095455
0.045454545454545456,0.6818181818181818,0.2727272727272727,1.1000010000095455
0.045454545454545456,0.7045454545454546,0.25,1.1000010000095455
0.045454545454545456,0.7272727272727273,0.22727272727272727,1.1000010000095455
0.045454545454545456,0.75,0.20454545454545456,1.1000010000095457
0.045454545454545456,0.7727272727272727,0.18181818181818182,1.1000010000095455
0.045454545454545456,0.7954545454545454,0.1590909090909091,1.1000010000095455
0.045454545454545456,0.8181818181818182,0.13636363636363635,1.1000010000095455
0.045454545454545456,0.8409090909090909,0.11363636363636363,1.1000010000095455
0.045454545454545456,0.8636363636363636,0.09090909090909091,2.2000010000047734
0.045454545454545456,0.8863636363636364,0.06818181818181818,2.200001000004773
0.045454545454545456,0.9090909090909091,0.045454545454545456,2.2000010000047725
0.045454545454545456,0.9318181818181818,0.022727272727272728,2.151188225841877
0.045454545454545456,0.9545454545454546,0.0,1.9833788427994672
0.06818181818181818,0.0,0.9318181818181818,1.8631278900745847
0.06818181818181818,0.022727272727272728,0.9090909090909091,1.772245881318895
0.06818181818181818,0.045454545454545456,0.8863636363636364,1.7009006175142327
0.06818181818181818,0.06818181818181818,0.8636363636363636,1.6432697189716416
0.06818181818181818,0.09090909090909091,0.8409090909090909,1.595667050544133
0.06818181818181818,0.11363636363636363,0.8181818181818182,1.1000010000095453
0.06818181818181818,0.13636363636363635,0.7954545454545454,1.100001000009546
0.06818181818181818,0.1590909090909091,0.7727272727272727,1.1000010000095448
0.06818181818181818,0.18181818181818182,0.75,1.1000010000095455
0.06818181818181818,0.20454545454545456,0.7272727272727273,4.69041575982343e-06
0.06818181818181818,0.22727272727272727,0.7045454545454546,4.69041575982343e-06
0.06818181818181818,0.25,0.6818181818181818,4.69041575982343e-06
0.06818181818181818,0.2727272727272727,0.6590909090909091,4.69041575982343e-06
0.06818181818181818,0.29545454545454547,0.6363636363636364,4.69041575982343e-06
0.06818181818181818,0.3181818181818182,0.6136363636363636,4.69041575982343e-06
0.06818181818181818,0.3409090909090909,0.5909090909090909,4.69041575982343e-06
0.06818181818181818,0.36363636363636365,0.5681818181818182,4.69041575982343e-06
0.06818181818181818,0.38636363636363635,0.5454545454545454,4.69041575982343e-06
0.06818181818181818,0.4090909090909091,0.5227272727272727,4.69041575982343e-06
0.06818181818181818,0.4318181818181818,0.5,4.69041575982343e-06
0.06818181818181818,0.45454545454545453,0.4772727272727273,4.69041575982343e-06
0.06818181818181818,0.4772727272727273,0.45454545454545453,1.1000010000095457
0.06818181818181818,0.5,0.4318181818181818,1.1000010000095455
0.06818181818181818,0.5227272727272727,0.4090909090909091,1.1000010000095455
0.06818181818181818,0.5454545454545454,0.38636363636363635,1.1000010000095455
0.06818181818181818,0.5681818181818182,0.36363636363636365,1.1000010000095455
0.06818181818181818,0.5909090909090909,0.3409090909090909,1.1000010000095455
0.06818181818181818,0.6136363636363636,0.3181818181818182,1.1000010000095455
0.06818181818181818,0.6363636363636364,0.29545454545454547,1.1000010000095455
0.06818181818181818,0.6590909090909091,0.2727272727272727,1.1000010000095453
0.06818181818181818,0.6818181818181818,0.25,1.1000010000095457
0.06818181818181818,0.7045454545454546,0.22727272727272727,1.1000010000095455
0.06818181818181818,0.7272727272727273,0.20454545454545456,1.1000010000095455
0.06818181818181818,0.75,0.18181818181818182,1.1000010000095455
0.06818181818181818,0.7727272727272727,0.1590909090909091,1.1000010000095455
0.06818181818181818,0.7954545454545454,0.13636363636363635,1.1000010000095455
0.06818181818181818,0.8181818181818182,0.11363636363636363,4.69041575982343e-06
0.06818181818181818,0.8409090909090909,0.09090909090909091,2.2000010000047734
0.06818181818181818,0.8636363636363636,0.06818181818181818,2.200001000004773
0.06818181818181818,0.8863636363636364,0.045454545454545456,2.2000010000047725
0.06818181818181818,0.9090909090909091,0.022727272727272728,2.2000010000047725
0.06818181818181818,0.9318181818181818,0.0,2.15385671288613
0.09090909090909091,0.0,0.9090909090909091,1.9902367034780204
0.09090909090909091,0.022727272727272728,0.8863636363636364,1.8645953958750667
0.09090909090909091,0.045454545454545456,0.8636363636363636,1.7645031541921583
0.09090909090909091,0.06818181818181818,0.8409090909090909,1.6825420637382038
0.09090909090909091,0.09090909090909091,0.8181818181818182,1.6139792217757598
0.09090909090909091,0.11363636363636363,0.7954545454545454,1.1000010000095455
0.09090909090909091,0.13636363636363635,0.7727272727272727,1.1000010000095453
0.09090909090909091,0.1590909090909091,0.75,1.1000010000095457
0.09090909090909091,0.18181818181818182,0.7272727272727273,1.1000010000095448
0.09090909090909091,0.20454545454545456,0.7045454545454546,1.1000010000095455
0.09090909090909091,0.22727272727272727,0.6818181818181818,1.1000010000095457
0.09090909090909091,0.25,0.6590909090909091,1.1000010000095455
0.09090909090909091,0.2727272727272727,0.6363636363636364,1.1000010000095455
0.09090909090909091,0.29545454545454547,0.6136363636363636,4.69041575982343e-06
0.09090909090909091,0.3181818181818182,0.5909090909090909,4.69041575982343e-06
0.09090909090909091,0.3409090909090909,0.5681818181818182,4.69041575982343e-06
0.09090909090909091,0.36363636363636365,0.5454545454545454,4.69041575982343e-06
0.09090909090909091,0.38636363636363635,0.5227272727272727,4.69041575982343e-06
0.09090909090909091,0.4090909090909091,0.5,4.69041575982343e-06
0.09090909090909091,0.4318181818181818,0.4772727272727273,4.69041575982343e-06
0.09090909090909091,0.45454545454545453,0.45454545454545453,4.69041575982343e-06
0.09090909090909091,0.4772727272727273,0.4318181818181818,4.69041575982343e-06
0.09090909090909091,0.5,0.4090909090909091,4.69041575982343e-06
0.09090909090909091,0.5227272727272727,0.38636363636363635,1.1000010000095457
0.09090909090909091,0.5454545454545454,0.36363636363636365,1.1000010000095455
0.09090909090909091,0.5681818181818182,0.3409090909090909,1.1000010000095455
0.09090909090909091,0.5909090909090909,0.3181818181818182,1.1000010000095455
0.09090909090909091,0.6136363636363636,0.29545454545454547,1.1000010000095455
0.09090909090909091,0.6363636363636364,0.2727272727272727,1.1000010000095457
0.09090909090909091,0.6590909090909091,0.25,1.1000010000095455
0.09090909090909091,0.6818181818181818,0.22727272727272727,1.1000010000095455
0.09090909090909091,0.7045454545454546,0.20454545454545456,1.1000010000095455
0.09090909090909091,0.7272727272727273,0.18181818181818182,1.1000010000095455
0.09090909090909091,0.75,0.1590909090909091,4.69041575982343e-06
0.09090909090909091,0.7727272727272727,0.13636363636363635,4.69041575982343e-06
0.09090909090909091,0.7954545454545454,0.11363636363636363,4.69041575982343e-06
0.09090909090909091,0.8181818181818182,0.09090909090909091,2.2000010000047734
0.09090909090909091,0.8409090909090909,0.06818181818181818,2.200001000004773
0.09090909090909091,0.8636363636363636,0.045454545454545456,2.2000010000047725
0.09090909090909091,0.8863636363636364,0.022727272727272728,2.2000010000047725
0.09090909090909091,0.9090909090909091,0.0,2.2000010000047725
0.11363636363636363,0.0,0.8863636363636364,2.153680044332336
0.11363636363636363,0.022727272727272728,0.8636363636363636,1.9852322929986947
0.11363636363636363,0.045454545454545456,0.8409090909090909,1.8488521844706782
0.11363636363636363,0.06818181818181818,0.8181818181818182,1.735384670779811
0.11363636363636363,0.09090909090909091,0.7954545454545454,1.6389644291509196
0.11363636363636363,0.11363636363636363,0.7727272727272727,1.100001000009545
0.11363636363636363,0.13636363636363635,0.75,1.1000010000095455
0.11363636363636363,0.1590909090909091,0.7272727272727273,1.1000010000095453
0.11363636363636363,0.18181818181818182,0.7045454545454546,1.100001000009546
0.11363636363636363,0.20454545454545456,0.6818181818181818,1.1000010000095448
0.11363636363636363,0.22727272727272727,0.6590909090909091,1.1000010000095455
0.11363636363636363,0.25,0.6363636363636364,4.69041575982343e-06
0.11363636363636363,0.2727272727272727,0.6136363636363636,4.69041575982343e-06
0.11363636363636363,0.29545454545454547,0.5909090909090909,4.69041575982343e-06
0.11363636363636363,0.3181818181818182,0.5681818181818182,4.69041575982343e-06
0.11363636363636363,0.3409090909090909,0.5454545454545454,4.69041575982343e-06
0.11363636363636363,0.36363636363636365,0.5227272727272727,4.69041575982343e-06
0.11363636363636363,0.38636363636363635,0.5,4.69041575982343e-06
0.11363636363636363,0.4090909090909091,0.4772727272727273,4.69041575982343e-06
0.11363636363636363,0.4318181818181818,0.45454545454545453,4.69041575982343e-06
0.11363636363636363,0.45454545454545453,0.4318181818181818,4.69041575982343e-06
0.11363636363636363,0.4772727272727273,0.4090909090909091,1.1000010000095457
0.11363636363636363,0.5,0.38636363636363635,1.1000010000095455
0.11363636363636363,0.5227272727272727,0.36363636363636365,1.1000010000095455
0.11363636363636363,0.5454545454545454,0.3409090909090909,1.1000010000095455
0.11363636363636363,0.5681818181818182,0.3181818181818182,1.1000010000095455
0.11363636363636363,0.5909090909090909,0.29545454545454547,1.1000010000095457
0.11363636363636363,0.6136363636363636,0.2727272727272727,1.1000010000095455
0.11363636363636363,0.6363636363636364,0.25,1.5845360204242755
0.11363636363636363,0.6590909090909091,0.22727272727272727,1.5728261753289132
0.11363636363636363,0.6818181818181818,0.20454545454545456,1.5633951515922009
0.11363636363636363,0.7045454545454546,0.18181818181818182,1.1000010000095455
0.11363636363636363,0.7272727272727273,0.1590909090909091,1.1000010000095455
0.11363636363636363,0.75,0.13636363636363635,1.1000010000095455
0.11363636363636363,0.7727272727272727,0.11363636363636363,1.1000010000095453
0.11363636363636363,0.7954545454545454,0.09090909090909091,2.2000009779665817
0.11363636363636363,0.8181818181818182,0.06818181818181818,2.2000009879124325
0.11363636363636363,0.8409090909090909,0.045454545454545456,2.2000009910771747
0.11363636363636363,0.8636363636363636,0.022727272727272728,2.20000099250866
0.11363636363636363,0.8863636363636364,0.0,2.2000010000047725
0.13636363636363635,0.0,0.8636363636363636,2.2000010000047734
0.13636363636363635,0.022727272727272728,0.8409090909090909,2.1505228051178564
0.13636363636363635,0.045454545454545456,0.8181818181818182,1.9664352538461995
0.13636363636363635,0.06818181818181818,0.7954545454545454,1.8103604114400011
0.13636363636363635,0.09090909090909091,0.7727272727272727,1.675062562623034
0.13636363636363635,0.11363636363636363,0.75,1.1000010000095457
0.13636363636363635,0.13636363636363635,0.7272727272727273,1.100001000009545
0.13636363636363635,0.1590909090909091,0.7045454545454546,1.1000010000095455
0.13636363636363635,0.18181818181818182,0.6818181818181818,1.1000010000095453
0.13636363636363635,0.20454545454545456,0.6590909090909091,1.100001000009546
0.13636363636363635,0.22727272727272727,0.6363636363636364,1.1000010000095448
0.13636363636363635,0.25,0.6136363636363636,1.1000010000095455
0.13636363636363635,0.2727272727272727,0.5909090909090909,4.69041575982343e-06
0.13636363636363635,0.29545454545454547,0.5681818181818182,4.69041575982343e-06
0.13636363636363635,0.3181818181818182,0.5454545454545454,4.69041575982343e-06
0.13636363636363635,0.3409090909090909,0.5227272727272727,1.1000010000095457
0.13636363636363635,0.36363636363636365,0.5,1.1000010000095455
0.13636363636363635,0.38636363636363635,0.4772727272727273,1.1000010000095455
0.13636363636363635,0.4090909090909091,0.45454545454545453,1.1000010000095455
0.13636363636363635,0.4318181818181818,0.4318181818181818,1.1000010000095457
0.13636363636363635,0.45454545454545453,0.4090909090909091,1.1000010000095455
0.13636363636363635,0.4772727272727273,0.38636363636363635,1.1000010000095455
0.13636363636363635,0.5,0.36363636363636365,1.1000010000095455
0.13636363636363635,0.5227272727272727,0.3409090909090909,1.1000010000095455
0.13636363636363635,0.5454545454545454,0.3181818181818182,1.1000010000095457
0.13636363636363635,0.5681818181818182,0.29545454545454547,1.1000010000095455
0.13636363636363635,0.5909090909090909,0.2727272727272727,1.5845360204242755
0.13636363636363635,0.6136363636363636,0.25,1.592371750079302
0.13636363636363635,0.6363636363636364,0.22727272727272727,1.5818307155342997
0.13636363636363635,0.6590909090909091,0.20454545454545456,1.1000010000095457
0.13636363636363635,0.6818181818181818,0.18181818181818182,1.1000010000095457
0.13636363636363635,0.7045454545454546,0.1590909090909091,1.1000010000095455
0.13636363636363635,0.7272727272727273,0.13636363636363635,1.1000010000095455
0.13636363636363635,0.75,0.11363636363636363,1.1000010000095455
0.13636363636363635,0.7727272727272727,0.09090909090909091,2.198995516278554
0.13636363636363635,0.7954545454545454,0.06818181818181818,2.199465208844808
0.13636363636363635,0.8181818181818182,0.045454545454545456,2.199620928418811
0.13636363636363635,0.8409090909090909,0.022727272727272728,2.199738680142053
0.13636363636363635,0.8636363636363636,0.0,2.1999461490991834
0.1590909090909091,0.0,0.8409090909090909,2.2000009934746756
0.1590909090909091,0.022727272727272728,0.8181818181818182,2.200001000004773
0.1590909090909091,0.045454545454545456,0.7954545454545454,2.1429446696572882
0.1590909090909091,0.06818181818181818,0.7727272727272727,1.9254190319843443
0.1590909090909091,0.09090909090909091,0.75,1.7318370945153843
0.1590909090909091,0.11363636363636363,0.7272727272727273,1.1000010000095453
0.1590909090909091,0.13636363636363635,0.7045454545454546,1.1000010000095453
0.1590909090909091,0.1590909090909091,0.6818181818181818,1.100001000009545
0.1590909090909091,0.18181818181818182,0.6590909090909091,1.1000010000095453
0.1590909090909091,0.20454545454545456,0.6363636363636364,1.1000010000095453
0.1590909090909091,0.22727272727272727,0.6136363636363636,1.1000010000095448
0.1590909090909091,0.25,0.5909090909090909,1.1000010000095461
0.1590909090909091,0.2727272727272727,0.5681818181818182,1.1000010000095455
0.1590909090909091,0.29545454545454547,0.5454545454545454,4.69041575982343e-06
0.1590909090909091,0.3181818181818182,0.5227272727272727,4.69041575982343e-06
0.1590909090909091,0.3409090909090909,0.5,4.69041575982343e-06
0.1590909090909091,0.36363636363636365,0.4772727272727273,4.69041575982343e-06
0.1590909090909091,0.38636363636363635,0.45454545454545453,1.1000010000095457
0.1590909090909091,0.4090909090909091,0.4318181818181818,1.1000010000095455
0.1590909090909091,0.4318181818181818,0.4090909090909091,1.1000010000095455
0.1590909090909091,0.45454545454545453,0.38636363636363635,1.1000010000095455
0.1590909090909091,0.4772727272727273,0.36363636363636365,1.1000010000095455
0.1590909090909091,0.5,0.3409090909090909,1.1000010000095457
0.1590909090909091,0.5227272727272727,0.3181818181818182,1.1000010000095455
0.1590909090909091,0.5454545454545454,0.29545454545454547,1.5845360204242755
0.1590909090909091,0.5681818181818182,0.2727272727272727,1.575749033026288
0.1590909090909091,0.5909090909090909,0.25,1.5742775894694971
0.1590909090909091,0.6136363636363636,0.22727272727272727,1.1000010000095457
0.1590909090909091,0.6363636363636364,0.20454545454545456,1.100001000009545
0.1590909090909091,0.6590909090909091,0.18181818181818182,1.1000010000095457
0.1590909090909091,0.6818181818181818,0.1590909090909091,1.1000010000095457
0.1590909090909091,0.7045454545454546,0.13636363636363635,1.1000010000095453
0.1590909090909091,0.7272727272727273,0.11363636363636363,1.1000010000095457
0.1590909090909091,0.75,0.09090909090909091,2.195197251844225
0.1590909090909091,0.7727272727272727,0.06818181818181818,2.1975505835324016
0.1590909090909091,0.7954545454545454,0.045454545454545456,2.1983050950871044
0.1590909090909091,0.8181818181818182,0.022727272727272728,2.198858853322086
0.1590909090909091,0.8409090909090909,0.0,2.1994653998267157
0.18181818181818182,0.0,0.8181818181818182,2.1997891410516575
0.18181818181818182,0.022727272727272728,0.7954545454545454,2.1999481044948532
0.18181818181818182,0.045454545454545456,0.7727272727272727,2.2000009932022238
0.18181818181818182,0.06818181818181818,0.75,2.1260867020208227
0.18181818181818182,0.09090909090909091,0.7272727272727273,1.8344243018019304
0.18181818181818182,0.11363636363636363,0.7045454545454546,1.1000010000095455
0.18181818181818182,0.13636363636363635,0.6818181818181818,1.1000010000095455
0.18181818181818182,0.1590909090909091,0.6590909090909091,1.100001000009545
0.18181818181818182,0.18181818181818182,0.6363636363636364,1.1000010000095455
0.18181818181818182,0.20454545454545456,0.6136363636363636,1.1000010000095457
0.18181818181818182,0.22727272727272727,0.5909090909090909,1.1000010000095453
0.18181818181818182,0.25,0.5681818181818182,1.1000010000095448
0.18181818181818182,0.2727272727272727,0.5454545454545454,1.1000010000095457
0.18181818181818182,0.29545454545454547,0.5227272727272727,1.1000010000095457
0.18181818181818182,0.3181818181818182,0.5,4.69041575982343e-06
0.18181818181818182,0.3409090909090909,0.4772727272727273,1.1000010000095457
0.18181818181818182,0.36363636363636365,0.45454545454545453,1.1000010000095455
0.18181818181818182,0.38636363636363635,0.4318181818181818,1.1000010000095455
0.18181818181818182,0.4090909090909091,0.4090909090909091,1.1000010000095455
0.18181818181818182,0.4318181818181818,0.38636363636363635,1.1000010000095455
0.18181818181818182,0.45454545454545453,0.36363636363636365,1.1000010000095457
0.18181818181818182,0.4772727272727273,0.3409090909090909,1.1000010000095455
0.18181818181818182,0.5,0.3181818181818182,1.5845360204242758
0.18181818181818182,0.5227272727272727,0.29545454545454547,1.582687476407664
0.18181818181818182,0.5454545454545454,0.2727272727272727,1.575246034436796
0.18181818181818182,0.5681818181818182,0.25,1.100001000009545
0.18181818181818182,0.5909090909090909,0.22727272727272727,1.1000010000095457
0.18181818181818182,0.6136363636363636,0.20454545454545456,1.1000010000095455
0.18181818181818182,0.6363636363636364,0.18181818181818182,1.1000010000095455
0.18181818181818182,0.6590909090909091,0.1590909090909091,1.1000010000095455
0.18181818181818182,0.6818181818181818,0.13636363636363635,1.1000010000095457
0.18181818181818182,0.7045454545454546,0.11363636363636363,1.100001000009545
0.18181818181818182,0.7272727272727273,0.09090909090909091,2.1914015172326944
0.18181818181818182,0.75,0.06818181818181818,2.195795543117873
0.18181818181818182,0.7727272727272727,0.045454545454545456,2.1968430900883122
0.18181818181818182,0.7954545454545454,0.022727272727272728,2.197855473291843
0.18181818181818182,0.8181818181818182,0.0,2.1987709273966876
0.20454545454545456,0.0,0.7954545454545454,2.1993104615966095
0.20454545454545456,0.022727272727272728,0.7727272727272727,2.1996376347739073
0.20454545454545456,0.045454545454545456,0.75,2.1998344459016703
0.20454545454545456,0.06818181818181818,0.7272727272727273,2.1999464678005864
0.20454545454545456,0.09090909090909091,0.7045454545454546,2.0782216436145333
0.20454545454545456,0.11363636363636363,0.6818181818181818,1.1000010000095457
0.20454545454545456,0.13636363636363635,0.6590909090909091,1.1000010000095453
0.20454545454545456,0.1590909090909091,0.6363636363636364,1.1000010000095455
0.20454545454545456,0.18181818181818182,0.6136363636363636,1.1000010000095457
0.20454545454545456,0.20454545454545456,0.5909090909090909,1.1000010000095455
0.20454545454545456,0.22727272727272727,0.5681818181818182,1.1000010000095453
0.20454545454545456,0.25,0.5454545454545454,1.1000010000095448
0.20454545454545456,0.2727272727272727,0.5227272727272727,1.1000010000095448
0.20454545454545456,0.29545454545454547,0.5,1.1000010000095457
0.20454545454545456,0.3181818181818182,0.4772727272727273,1.5633951515922004
0.20454545454545456,0.3409090909090909,0.45454545454545453,1.1000010000095455
0.20454545454545456,0.36363636363636365,0.4318181818181818,1.750810593226844
0.20454545454545456,0.38636363636363635,0.4090909090909091,1.7972990756579392
0.20454545454545456,0.4090909090909091,0.38636363636363635,1.8385026864084395
0.20454545454545456,0.4318181818181818,0.36363636363636365,1.842641472470888
0.20454545454545456,0.45454545454545453,0.3409090909090909,1.807503933947815
0.20454545454545456,0.4772727272727273,0.3181818181818182,1.725077247330313
0.20454545454545456,0.5,0.29545454545454547,1.6331756027644089
0.20454545454545456,0.5227272727272727,0.2727272727272727,1.6002793539451685
0.20454545454545456,0.5454545454545454,0.25,1.1000010000095457
0.20454545454545456,0.5681818181818182,0.22727272727272727,1.1000010000095455
0.20454545454545456,0.5909090909090909,0.20454545454545456,1.1000010000095457
0.20454545454545456,0.6136363636363636,0.18181818181818182,1.1000010000095457
0.20454545454545456,0.6363636363636364,0.1590909090909091,1.100001000009545
0.20454545454545456,0.6590909090909091,0.13636363636363635,1.1000010000095455
0.20454545454545456,0.6818181818181818,0.11363636363636363,1.1000010000095457
0.20454545454545456,0.7045454545454546,0.09090909090909091,2.185059068839239
0.20454545454545456,0.7272727272727273,0.06818181818181818,2.1950142001445414
0.20454545454545456,0.75,0.045454545454545456,2.1964547986977903
0.20454545454545456,0.7727272727272727,0.022727272727272728,2.197684568052079
0.20454545454545456,0.7954545454545454,0.0,2.198673759938689
0.22727272727272727,0.0,0.7727272727272727,2.1992563979125586
0.22727272727272727,0.022727272727272728,0.75,2.199609446159113
0.22727272727272727,0.045454545454545456,0.7272727272727273,2.1998216450350667
0.22727272727272727,0.06818181818181818,0.7045454545454546,2.199942315769163
0.22727272727272727,0.09090909090909091,0.6818181818181818,2.2000010000047725
0.22727272727272727,0.11363636363636363,0.6590909090909091,1.1000010000095453
0.22727272727272727,0.13636363636363635,0.6363636363636364,1.1000010000095455
0.22727272727272727,0.1590909090909091,0.6136363636363636,1.1000010000095455
0.22727272727272727,0.18181818181818182,0.5909090909090909,1.1000010000095455
0.22727272727272727,0.20454545454545456,0.5681818181818182,1.1000010000095455
0.22727272727272727,0.22727272727272727,0.5454545454545454,1.1000010000095455
0.22727272727272727,0.25,0.5227272727272727,1.1000010000095448
0.22727272727272727,0.2727272727272727,0.5,1.5956670508823283
0.22727272727272727,0.29545454545454547,0.4772727272727273,1.6129742972368082
0.22727272727272727,0.3181818181818182,0.45454545454545453,1.6042548391132794
0.22727272727272727,0.3409090909090909,0.4318181818181818,1.5662400666695353
0.22727272727272727,0.36363636363636365,0.4090909090909091,1.832174264474063
0.22727272727272727,0.38636363636363635,0.38636363636363635,1.8534093635166848
0.22727272727272727,0.4090909090909091,0.36363636363636365,1.8560707377065644
0.22727272727272727,0.4318181818181818,0.3409090909090909,1.8398574627954993
0.22727272727272727,0.45454545454545453,0.3181818181818182,1.7965931360137888
0.22727272727272727,0.4772727272727273,0.29545454545454547,1.7099088389571164
0.22727272727272727,0.5,0.2727272727272727,1.1000010000095453
0.22727272727272727,0.5227272727272727,0.25,1.1000010000095457
0.22727272727272727,0.5454545454545454,0.22727272727272727,1.1000010000095453
0.22727272727272727,0.5681818181818182,0.20454545454545456,1.1000010000095453
0.22727272727272727,0.5909090909090909,0.18181818181818182,1.1000010000095455
0.22727272727272727,0.6136363636363636,0.1590909090909091,1.100001000009546
0.22727272727272727,0.6363636363636364,0.13636363636363635,1.1000010000095455
0.22727272727272727,0.6590909090909091,0.11363636363636363,1.1000010000095457
0.22727272727272727,0.6818181818181818,0.09090909090909091,2.190208061029274
0.22727272727272727,0.7045454545454546,0.06818181818181818,2.1945910053765574
0.22727272727272727,0.7272727272727273,0.045454545454545456,2.195983085844839
0.22727272727272727,0.75,0.022727272727272728,2.197492427258542
0.22727272727272727,0.7727272727272727,0.0,2.198564616824366
0.25,0.0,0.75,2.199195730264208
0.25,0.022727272727272728,0.7272727272727273,2.1995778463327937
0.25,0.045454545454545456,0.7045454545454546,2.199807309681557
0.25,0.06818181818181818,0.6818181818181818,2.1999376706908054
0.25,0.09090909090909091,0.6590909090909091,2.2000010000047734
0.25,0.11363636363636363,0.6363636363636364,4.69041575982343e-06
0.25,0.13636363636363635,0.6136363636363636,1.1000010000095448
0.25,0.1590909090909091,0.5909090909090909,1.1000010000095457
0.25,0.18181818181818182,0.5681818181818182,1.1000010000095453
0.25,0.20454545454545456,0.5454545454545454,1.100001000009545
0.25,0.22727272727272727,0.5227272727272727,1.1000010000095457
0.25,0.25,0.5,1.6389644294787782
0.25,0.2727272727272727,0.4772727272727273,1.6672727701760175
0.25,0.29545454545454547,0.45454545454545453,1.660282086213091
0.25,0.3181818181818182,0.4318181818181818,1.6352548018842101
0.25,0.3409090909090909,0.4090909090909091,1.59463821229018
0.25,0.36363636363636365,0.38636363636363635,1.560834525302698
0.25,0.38636363636363635,0.36363636363636365,1.97643940660803
0.25,0.4090909090909091,0.3409090909090909,1.9578312344985533
0.25,0.4318181818181818,0.3181818181818182,1.9160982666196724
0.25,0.45454545454545453,0.29545454545454547,1.821642733360086
0.25,0.4772727272727273,0.2727272727272727,1.1000010000095457
0.25,0.5,0.25,1.1000010000095455
0.25,0.5227272727272727,0.22727272727272727,1.1000010000095457
0.25,0.5454545454545454,0.20454545454545456,1.1000010000095455
0.25,0.5681818181818182,0.18181818181818182,1.100001000009545
0.25,0.5909090909090909,0.1590909090909091,1.1000010000095457
0.25,0.6136363636363636,0.13636363636363635,1.1000010000095455
0.25,0.6363636363636364,0.11363636363636363,1.1000010000095455
0.25,0.6590909090909091,0.09090909090909091,2.1898877394564145
0.25,0.6818181818181818,0.06818181818181818,2.194341047504214
0.25,0.7045454545454546,0.045454545454545456,2.1958949970694968
0.25,0.7272727272727273,0.022727272727272728,2.1972753881659326
0.25,0.75,0.0,2.1984414482502173
0.2727272727272727,0.0,0.7272727272727273,2.1991273381184477
0.2727272727272727,0.022727272727272728,0.7045454545454546,2.1995422621476037
0.2727272727272727,0.045454545454545456,0.6818181818181818,2.199791184842293
0.2727272727272727,0.06818181818181818,0.6590909090909091,2.199932451566702
0.2727272727272727,0.09090909090909091,0.6363636363636364,2.2000010000047725
0.2727272727272727,0.11363636363636363,0.6136363636363636,4.69041575982343e-06
0.2727272727272727,0.13636363636363635,0.5909090909090909,4.69041575982343e-06
0.2727272727272727,0.1590909090909091,0.5681818181818182,1.1000010000095455
0.2727272727272727,0.18181818181818182,0.5454545454545454,1.1000010000095453
0.2727272727272727,0.20454545454545456,0.5227272727272727,1.834424307648639
0.2727272727272727,0.22727272727272727,0.5,1.898279778611923
0.2727272727272727,0.25,0.4772727272727273,1.9128590275754342
0.2727272727272727,0.2727272727272727,0.45454545454545453,1.9105467391917301
0.2727272727272727,0.29545454545454547,0.4318181818181818,1.8991918790936202
0.2727272727272727,0.3181818181818182,0.4090909090909091,1.8766369695089142
0.2727272727272727,0.3409090909090909,0.38636363636363635,1.833870710352975
0.2727272727272727,0.36363636363636365,0.36363636363636365,1.7505416334830817
0.2727272727272727,0.38636363636363635,0.3409090909090909,1.5742426940224763
0.2727272727272727,0.4090909090909091,0.3181818181818182,1.8338225679694584
0.2727272727272727,0.4318181818181818,0.29545454545454547,1.1000010000095457
0.2727272727272727,0.45454545454545453,0.2727272727272727,1.1000010000095453
0.2727272727272727,0.4772727272727273,0.25,1.100001000009545
0.2727272727272727,0.5,0.22727272727272727,1.100001000009545
0.2727272727272727,0.5227272727272727,0.20454545454545456,1.1000010000095453
0.2727272727272727,0.5454545454545454,0.18181818181818182,1.1000010000095453
0.2727272727272727,0.5681818181818182,0.1590909090909091,1.1000010000095455
0.2727272727272727,0.5909090909090909,0.13636363636363635,1.1000010000095453
0.2727272727272727,0.6136363636363636,0.11363636363636363,1.1000010000095453
0.2727272727272727,0.6363636363636364,0.09090909090909091,2.1882849414834373
0.2727272727272727,0.6590909090909091,0.06818181818181818,2.193522061607816
0.2727272727272727,0.6818181818181818,0.045454545454545456,2.1954358640282297
0.2727272727272727,0.7045454545454546,0.022727272727272728,2.197028961454269
0.2727272727272727,0.7272727272727273,0.0,2.1983017456795486
0.29545454545454547,0.0,0.7045454545454546,2.1990498529357487
0.29545454545454547,0.022727272727272728,0.6818181818181818,2.1995019940316594
0.29545454545454547,0.045454545454545456,0.6590909090909091,2.1997729592378614
0.29545454545454547,0.06818181818181818,0.6363636363636364,2.199926559757845
0.29545454545454547,0.09090909090909091,0.6136363636363636,2.200001000004773
0.29545454545454547,0.11363636363636363,0.5909090909090909,4.69041575982343e-06
0.29545454545454547,0.13636363636363635,0.5681818181818182,4.69041575982343e-06
0.29545454545454547,0.1590909090909091,0.5454545454545454,4.69041575982343e-06
0.29545454545454547,0.18181818181818182,0.5227272727272727,2.2000010000047734
0.29545454545454547,0.20454545454545456,0.5,2.192552192132247
0.29545454545454547,0.22727272727272727,0.4772727272727273,2.192372579832954
0.29545454545454547,0.25,0.45454545454545453,2.1924858450817957
0.29545454545454547,0.2727272727272727,0.4318181818181818,2.1915419886602727
0.29545454545454547,0.29545454545454547,0.4090909090909091,2.1893062131934347
0.29545454545454547,0.3181818181818182,0.38636363636363635,2.1856944606240543
0.29545454545454547,0.3409090909090909,0.36363636363636365,2.180003873061507
0.29545454545454547,0.36363636363636365,0.3409090909090909,2.1697257104222265
0.29545454545454547,0.38636363636363635,0.3181818181818182,2.1425970919913166
0.29545454545454547,0.4090909090909091,0.29545454545454547,1.1000010000095455
0.29545454545454547,0.4318181818181818,0.2727272727272727,1.1000010000095455
0.29545454545454547,0.45454545454545453,0.25,1.1000010000095455
0.29545454545454547,0.4772727272727273,0.22727272727272727,1.1000010000095455
0.29545454545454547,0.5,0.20454545454545456,1.1000010000095453
0.29545454545454547,0.5227272727272727,0.18181818181818182,1.1000010000095455
0.29545454545454547,0.5454545454545454,0.1590909090909091,1.1000010000095455
0.29545454545454547,0.5681818181818182,0.13636363636363635,1.1000010000095457
0.29545454545454547,0.5909090909090909,0.11363636363636363,1.1000010000095457
0.29545454545454547,0.6136363636363636,0.09090909090909091,2.185917096827371
0.29545454545454547,0.6363636363636364,0.06818181818181818,2.1924807140591867
0.29545454545454547,0.6590909090909091,0.045454545454545456,2.194898542545405
0.29545454545454547,0.6818181818181818,0.022727272727272728,2.1967476018952414
0.29545454545454547,0.7045454545454546,0.0,2.198142414712569
0.3181818181818182,0.0,0.6818181818181818,2.1989615885290976
0.3181818181818182,0.022727272727272728,0.6590909090909091,2.1994561830055774
0.3181818181818182,0.045454545454545456,0.6363636363636364,2.199752251999075
0.3181818181818182,0.06818181818181818,0.6136363636363636,2.1999198742878137
0.3181818181818182,0.09090909090909091,0.5909090909090909,2.2000010000047725
0.3181818181818182,0.11363636363636363,0.5681818181818182,4.69041575982343e-06
0.3181818181818182,0.13636363636363635,0.5454545454545454,4.69041575982343e-06
0.3181818181818182,0.1590909090909091,0.5227272727272727,1.1000010000095457
0.3181818181818182,0.18181818181818182,0.5,1.873233674697847
0.3181818181818182,0.20454545454545456,0.4772727272727273,1.9552812610216195
0.3181818181818182,0.22727272727272727,0.45454545454545453,1.9908783562137147
0.3181818181818182,0.25,0.4318181818181818,2.0058008324789958
0.3181818181818182,0.2727272727272727,0.4090909090909091,2.007737939354878
0.3181818181818182,0.29545454545454547,0.38636363636363635,1.9986110860214679
0.3181818181818182,0.3181818181818182,0.36363636363636365,1.9762412975486638
0.3181818181818182,0.3409090909090909,0.3409090909090909,1.932043303136299
0.3181818181818182,0.36363636363636365,0.3181818181818182,1.8380655736873368
0.3181818181818182,0.38636363636363635,0.29545454545454547,1.1000010000095455
0.3181818181818182,0.4090909090909091,0.2727272727272727,1.1000010000095455
0.3181818181818182,0.4318181818181818,0.25,1.1000010000095455
0.3181818181818182,0.45454545454545453,0.22727272727272727,1.1000010000095453
0.3181818181818182,0.4772727272727273,0.20454545454545456,1.1000010000095455
0.3181818181818182,0.5,0.18181818181818182,1.1000010000095455
0.3181818181818182,0.5227272727272727,0.1590909090909091,1.1000010000095457
0.3181818181818182,0.5454545454545454,0.13636363636363635,1.1000010000095453
0.3181818181818182,0.5681818181818182,0.11363636363636363,1.1000010000095453
0.3181818181818182,0.5909090909090909,0.09090909090909091,2.1825314939468012
0.3181818181818182,0.6136363636363636,0.06818181818181818,2.191154998556563
0.3181818181818182,0.6363636363636364,0.045454545454545456,2.194266309611757
0.3181818181818182,0.6590909090909091,0.022727272727272728,2.196424395800241
0.3181818181818182,0.6818181818181818,0.0,2.1979596036543145
0.3409090909090909,0.0,0.6590909090909091,2.1988604516786805
0.3409090909090909,0.022727272727272728,0.6363636363636364,2.199403763534792
0.3409090909090909,0.045454545454545456,0.6136363636363636,2.1997285911308064
0.3409090909090909,0.06818181818181818,0.5909090909090909,2.1999122459494385
0.3409090909090909,0.09090909090909091,0.5681818181818182,2.200001000004772
0.3409090909090909,0.11363636363636363,0.5454545454545454,4.69041575982343e-06
0.3409090909090909,0.13636363636363635,0.5227272727272727,4.69041575982343e-06
0.3409090909090909,0.1590909090909091,0.5,2.200001000004773
0.3409090909090909,0.18181818181818182,0.4772727272727273,2.076655567666388
0.3409090909090909,0.20454545454545456,0.45454545454545453,2.0849663525679296
0.3409090909090909,0.22727272727272727,0.4318181818181818,2.090328086359724
0.3409090909090909,0.25,0.4090909090909091,2.089537576445407
0.3409090909090909,0.2727272727272727,0.38636363636363635,2.0830069227801884
0.3409090909090909,0.29545454545454547,0.36363636363636365,2.069932266883759
0.3409090909090909,0.3181818181818182,0.3409090909090909,2.0471185435602783
0.3409090909090909,0.3409090909090909,0.3181818181818182,2.0054581910777873
0.3409090909090909,0.36363636363636365,0.29545454545454547,1.913403569927783
0.3409090909090909,0.38636363636363635,0.2727272727272727,1.1000010000095457
0.3409090909090909,0.4090909090909091,0.25,1.1000010000095457
0.3409090909090909,0.4318181818181818,0.22727272727272727,1.1000010000095457
0.3409090909090909,0.45454545454545453,0.20454545454545456,1.1000010000095453
0.3409090909090909,0.4772727272727273,0.18181818181818182,1.1000010000095457
0.3409090909090909,0.5,0.1590909090909091,1.1000010000095457
0.3409090909090909,0.5227272727272727,0.13636363636363635,1.1000010000095455
0.3409090909090909,0.5454545454545454,0.11363636363636363,1.1000010000095457
0.3409090909090909,0.5681818181818182,0.09090909090909091,2.177813544590219
0.3409090909090909,0.5909090909090909,0.06818181818181818,2.18946620299642
0.3409090909090909,0.6136363636363636,0.045454545454545456,2.1935180298813446
0.3409090909090909,0.6363636363636364,0.022727272727272728,2.196050633509426
0.3409090909090909,0.6590909090909091,0.0,2.1977484674851486
0.36363636363636365,0.0,0.6363636363636364,2.1987438129423427
0.36363636363636365,0.022727272727272728,0.6136363636363636,2.1993434013633264
0.36363636363636365,0.045454545454545456,0.5909090909090909,2.1997013870805127
0.36363636363636365,0.06818181818181818,0.5681818181818182,2.19990348912128
0.36363636363636365,0.09090909090909091,0.5454545454545454,2.2000010000047716
0.36363636363636365,0.11363636363636363,0.5227272727272727,4.69041575982343e-06
0.36363636363636365,0.13636363636363635,0.5,1.1000010000095457
0.36363636363636365,0.1590909090909091,0.4772727272727273,1.873233674697847
0.36363636363636365,0.18181818181818182,0.45454545454545453,1.942086287914745
0.36363636363636365,0.20454545454545456,0.4318181818181818,1.974077158488751
0.36363636363636365,0.22727272727272727,0.4090909090909091,1.986477072760161
0.36363636363636365,0.25,0.38636363636363635,1.9858077015155873
0.36363636363636365,0.2727272727272727,0.36363636363636365,1.9736573605031096
0.36363636363636365,0.29545454545454547,0.3409090909090909,1.9477528737281766
0.36363636363636365,0.3181818181818182,0.3181818181818182,1.8997896637149638
0.36363636363636365,0.3409090909090909,0.29545454545454547,1.804585258603488
0.36363636363636365,0.36363636363636365,0.2727272727272727,1.1000010000095457
0.36363636363636365,0.38636363636363635,0.25,1.1000010000095455
0.36363636363636365,0.4090909090909091,0.22727272727272727,1.1000010000095455
0.36363636363636365,0.4318181818181818,0.20454545454545456,1.1000010000095457
0.36363636363636365,0.45454545454545453,0.18181818181818182,1.1000010000095455
0.36363636363636365,0.4772727272727273,0.1590909090909091,1.1000010000095455
0.36363636363636365,0.5,0.13636363636363635,1.1000010000095455
0.36363636363636365,0.5227272727272727,0.11363636363636363,1.1000010000095457
0.36363636363636365,0.5454545454545454,0.09090909090909091,2.1713745673057874
0.36363636363636365,0.5681818181818182,0.06818181818181818,2.1873137928202455
0.36363636363636365,0.5909090909090909,0.045454545454545456,2.192626710888171
0.36363636363636365,0.6136363636363636,0.022727272727272728,2.1956152215078037
0.36363636363636365,0.6363636363636364,0.0,2.1975028469876188
0.38636363636363635,0.0,0.6136363636363636,2.1986083375611445
0.38636363636363635,0.022727272727272728,0.5909090909090909,2.19927340714592
0.38636363636363635,0.045454545454545456,0.5681818181818182,2.199669895744306
0.38636363636363635,0.06818181818181818,0.5454545454545454,2.1998933691689926
0.38636363636363635,0.09090909090909091,0.5227272727272727,2.200001000004773
0.38636363636363635,0.11363636363636363,0.5,1.1000010000095457
0.38636363636363635,0.13636363636363635,0.4772727272727273,1.8732336746978473
0.38636363636363635,0.1590909090909091,0.45454545454545453,1.858878956790989
0.38636363636363635,0.18181818181818182,0.4318181818181818,1.9008901423116764
0.38636363636363635,0.20454545454545456,0.4090909090909091,1.9200834258057649
0.38636363636363635,0.22727272727272727,0.38636363636363635,1.9227428718643378
0.38636363636363635,0.25,0.36363636363636365,1.9116357704297275
0.38636363636363635,0.2727272727272727,0.3409090909090909,1.8854492055790204
0.38636363636363635,0.29545454545454547,0.3181818181818182,1.837511955942672
0.38636363636363635,0.3181818181818182,0.29545454545454547,1.7488585708604234
0.38636363636363635,0.3409090909090909,0.2727272727272727,1.1000010000095455
0.38636363636363635,0.36363636363636365,0.25,1.100001000009545
0.38636363636363635,0.38636363636363635,0.22727272727272727,1.1000010000095453
0.38636363636363635,0.4090909090909091,0.20454545454545456,1.100001000009545
0.38636363636363635,0.4318181818181818,0.18181818181818182,1.1000010000095453
0.38636363636363635,0.45454545454545453,0.1590909090909091,1.1000010000095457
0.38636363636363635,0.4772727272727273,0.13636363636363635,1.1000010000095457
0.38636363636363635,0.5,0.11363636363636363,1.1000010000095457
0.38636363636363635,0.5227272727272727,0.09090909090909091,2.162738893771594
0.38636363636363635,0.5454545454545454,0.06818181818181818,2.1845683816837704
0.38636363636363635,0.5681818181818182,0.045454545454545456,2.191557474245075
0.38636363636363635,0.5909090909090909,0.022727272727272728,2.1951038520375077
0.38636363636363635,0.6136363636363636,0.0,2.1972148118175605
0.4090909090909091,0.0,0.5909090909090909,2.1984497417960176
0.4090909090909091,0.022727272727272728,0.5681818181818182,2.199191617691304
0.4090909090909091,0.045454545454545456,0.5454545454545454,2.199633166248814
0.4090909090909091,0.06818181818181818,0.5227272727272727,2.1998815884170475
0.4090909090909091,0.09090909090909091,0.5,2.2000010000047734
0.4090909090909091,0.11363636363636363,0.4772727272727273,1.1000010000095457
0.4090909090909091,0.13636363636363635,0.45454545454545453,1.873233674697847
0.4090909090909091,0.1590909090909091,0.4318181818181818,1.9407227144493502
0.4090909090909091,0.18181818181818182,0.4090909090909091,1.969678094558117
0.4090909090909091,0.20454545454545456,0.38636363636363635,1.9777880653018054
0.4090909090909091,0.22727272727272727,0.36363636363636365,1.972578088403252
0.4090909090909091,0.25,0.3409090909090909,1.9557996326377396
0.4090909090909091,0.2727272727272727,0.3181818181818182,1.925259422381505
0.4090909090909091,0.29545454545454547,0.29545454545454547,1.8731265169614577
0.4090909090909091,0.3181818181818182,0.2727272727272727,1.7771736944178922
0.4090909090909091,0.3409090909090909,0.25,1.1000010000095457
0.4090909090909091,0.36363636363636365,0.22727272727272727,1.1000010000095453
0.4090909090909091,0.38636363636363635,0.20454545454545456,1.1000010000095455
0.4090909090909091,0.4090909090909091,0.18181818181818182,1.1000010000095457
0.4090909090909091,0.4318181818181818,0.1590909090909091,1.1000010000095453
0.4090909090909091,0.45454545454545453,0.13636363636363635,1.1000010000095453
0.4090909090909091,0.4772727272727273,0.11363636363636363,1.1000010000095453
0.4090909090909091,0.5,0.09090909090909091,2.151331964201922
0.4090909090909091,0.5227272727272727,0.06818181818181818,2.181061999702648
0.4090909090909091,0.5454545454545454,0.045454545454545456,2.190264676186712
0.4090909090909091,0.5681818181818182,0.022727272727272728,2.1944978358368994
0.4090909090909091,0.5909090909090909,0.0,2.1968740238445523
0.4318181818181818,0.0,0.5681818181818182,2.1982624567983926
0.4318181818181818,0.022727272727272728,0.5454545454545454,2.1990952277367324
0.4318181818181818,0.045454545454545456,0.5227272727272727,2.199589969328427
0.4318181818181818,0.06818181818181818,0.5,2.1998677618576887
0.4318181818181818,0.09090909090909091,0.4772727272727273,1.8732336746978462
0.4318181818181818,0.11363636363636363,0.45454545454545453,1.873233674697847
0.4318181818181818,0.13636363636363635,0.4318181818181818,1.8407199800468637
0.4318181818181818,0.1590909090909091,0.4090909090909091,1.8860612086059885
0.4318181818181818,0.18181818181818182,0.38636363636363635,1.9024374077063357
0.4318181818181818,0.20454545454545456,0.36363636363636365,1.901250687528483
0.4318181818181818,0.22727272727272727,0.3409090909090909,1.8862810079414958
0.4318181818181818,0.25,0.3181818181818182,1.8567436315534083
0.4318181818181818,0.2727272727272727,0.29545454545454547,1.806988672583239
0.4318181818181818,0.29545454545454547,0.2727272727272727,1.7217115015312734
0.4318181818181818,0.3181818181818182,0.25,1.1000010000095457
0.4318181818181818,0.3409090909090909,0.22727272727272727,1.1000010000095457
0.4318181818181818,0.36363636363636365,0.20454545454545456,1.1000010000095455
0.4318181818181818,0.38636363636363635,0.18181818181818182,1.100001000009545
0.4318181818181818,0.4090909090909091,0.1590909090909091,1.1000010000095457
0.4318181818181818,0.4318181818181818,0.13636363636363635,1.1000010000095457
0.4318181818181818,0.45454545454545453,0.11363636363636363,1.1000010000095457
0.4318181818181818,0.4772727272727273,0.09090909090909091,2.136472513116034
0.4318181818181818,0.5,0.06818181818181818,2.1765744368329245
0.4318181818181818,0.5227272727272727,0.045454545454545456,2.188687695277816
0.4318181818181818,0.5454545454545454,0.022727272727272728,2.193772378402444
0.4318181818181818,0.5681818181818182,0.0,2.1964667960568125
0.45454545454545453,0.0,0.5454545454545454,2.1980391286165286
0.45454545454545453,0.022727272727272728,0.5227272727272727,2.198980545407465
0.45454545454545453,0.045454545454545456,0.5,2.199538693445681
0.45454545454545453,0.06818181818181818,0.4772727272727273,1.9630813499229638
0.45454545454545453,0.09090909090909091,0.45454545454545453,1.7508105932268434
0.45454545454545453,0.11363636363636363,0.4318181818181818,1.750810593226844
0.45454545454545453,0.13636363636363635,0.4090909090909091,1.8184539889334261
0.45454545454545453,0.1590909090909091,0.38636363636363635,1.8422553623312414
0.45454545454545453,0.18181818181818182,0.36363636363636365,1.8442787332194734
0.45454545454545453,0.20454545454545456,0.3409090909090909,1.8312543747035919
0.45454545454545453,0.22727272727272727,0.3181818181818182,1.8038885554947284
0.45454545454545453,0.25,0.29545454545454547,1.7584656194703137
0.45454545454545453,0.2727272727272727,0.2727272727272727,1.6846267689606338
0.45454545454545453,0.29545454545454547,0.25,1.1000010000095457
0.45454545454545453,0.3181818181818182,0.22727272727272727,1.1000010000095457
0.45454545454545453,0.3409090909090909,0.20454545454545456,1.1000010000095453
0.45454545454545453,0.36363636363636365,0.18181818181818182,1.1000010000095455
0.45454545454545453,0.38636363636363635,0.1590909090909091,1.1000010000095457
0.45454545454545453,0.4090909090909091,0.13636363636363635,1.1000010000095453
0.45454545454545453,0.4318181818181818,0.11363636363636363,1.1000010000095453
0.45454545454545453,0.45454545454545453,0.09090909090909091,2.117374461861509
0.45454545454545453,0.4772727272727273,0.06818181818181818,2.170813929643855
0.45454545454545453,0.5,0.045454545454545456,2.1867447046944246
0.45454545454545453,0.5227272727272727,0.022727272727272728,2.1928940290372703
0.45454545454545453,0.5454545454545454,0.0,2.195974703472706
0.4772727272727273,0.0,0.5227272727272727,2.197769889281448
0.4772727272727273,0.022727272727272728,0.5,2.198842634701141
0.4772727272727273,0.045454545454545456,0.4772727272727273,2.1994771914138043
0.4772727272727273,0.06818181818181818,0.45454545454545453,1.9630683416632595
0.4772727272727273,0.09090909090909091,0.4318181818181818,1.7584208661771983
0.4772727272727273,0.11363636363636363,0.4090909090909091,1.797079433750015
0.4772727272727273,0.13636363636363635,0.38636363636363635,1.8398919115431207
0.4772727272727273,0.1590909090909091,0.36363636363636365,1.852942384681818
0.4772727272727273,0.18181818181818182,0.3409090909090909,1.8494674272484073
0.4772727272727273,0.20454545454545456,0.3181818181818182,1.833358650264819
0.4772727272727273,0.22727272727272727,0.29545454545454547,1.8041902546564597
0.4772727272727273,0.25,0.2727272727272727,1.7577755470697216
0.4772727272727273,0.2727272727272727,0.25,1.6845265588366143
0.4772727272727273,0.29545454545454547,0.22727272727272727,1.1000010000095457
0.4772727272727273,0.3181818181818182,0.20454545454545456,1.100001000009545
0.4772727272727273,0.3409090909090909,0.18181818181818182,1.1000010000095457
0.4772727272727273,0.36363636363636365,0.1590909090909091,1.1000010000095453
0.4772727272727273,0.38636363636363635,0.13636363636363635,1.1000010000095453
0.4772727272727273,0.4090909090909091,0.11363636363636363,1.1000010000095455
0.4772727272727273,0.4318181818181818,0.09090909090909091,2.093167648549284
0.4772727272727273,0.45454545454545453,0.06818181818181818,2.163389626715857
0.4772727272727273,0.4772727272727273,0.045454545454545456,2.1843232487412325
0.4772727272727273,0.5,0.022727272727272728,2.1918168228329575
0.4772727272727273,0.5227272727272727,0.0,2.195372487102039
0.5,0.0,0.5,2.197441256835046
0.5,0.022727272727272728,0.4772727272727273,2.198674775970161
0.5,0.045454545454545456,0.45454545454545453,2.0015997639057126
0.5,0.06818181818181818,0.4318181818181818,1.833244512661034
0.5,0.09090909090909091,0.4090909090909091,1.6981405871092654
0.5,0.11363636363636363,0.38636363636363635,1.7550031970312756
0.5,0.13636363636363635,0.36363636363636365,1.7743661070848271
0.5,0.1590909090909091,0.3409090909090909,1.778252771067067
0.5,0.18181818181818182,0.3181818181818182,1.7690492675981468
0.5,0.20454545454545456,0.29545454545454547,1.7470471294557686
0.5,0.22727272727272727,0.2727272727272727,1.709813298760332
0.5,0.25,0.25,1.6519461723322137
0.5,0.2727272727272727,0.22727272727272727,1.1000010000095453
0.5,0.29545454545454547,0.20454545454545456,1.1000010000095457
0.5,0.3181818181818182,0.18181818181818182,1.1000010000095453
0.5,0.3409090909090909,0.1590909090909091,1.1000010000095457
0.5,0.36363636363636365,0.13636363636363635,1.1000010000095457
0.5,0.38636363636363635,0.11363636363636363,1.1000010000095453
0.5,0.4090909090909091,0.09090909090909091,2.0629510293498305
0.5,0.4318181818181818,0.06818181818181818,2.1537721436705994
0.5,0.45454545454545453,0.045454545454545456,2.181265627867079
0.5,0.4772727272727273,0.022727272727272728,2.1904762311684287
0.5,0.5,0.0,2.1946247693069174
0.5227272727272727,0.0,0.4772727272727273,2.197034417159373
0.5227272727272727,0.022727272727272728,0.45454545454545453,2.1984676352862054
0.5227272727272727,0.045454545454545456,0.4318181818181818,2.0015335652489097
0.5227272727272727,0.06818181818181818,0.4090909090909091,1.8332309535809528
0.5227272727272727,0.09090909090909091,0.38636363636363635,1.6994870441821734
0.5227272727272727,0.11363636363636363,0.36363636363636365,1.7555583169521891
0.5227272727272727,0.13636363636363635,0.3409090909090909,1.7748595387964785
0.5227272727272727,0.1590909090909091,0.3181818181818182,1.7787266228891703
0.5227272727272727,0.18181818181818182,0.29545454545454547,1.7695198249374684
0.5227272727272727,0.20454545454545456,0.2727272727272727,1.7475101617066944
0.5227272727272727,0.22727272727272727,0.25,1.712572325446264
0.5227272727272727,0.25,0.22727272727272727,1.6551421385088707
0.5227272727272727,0.2727272727272727,0.20454545454545456,1.1000010000095455
0.5227272727272727,0.29545454545454547,0.18181818181818182,1.1000010000095455
0.5227272727272727,0.3181818181818182,0.1590909090909091,1.1000010000095453
0.5227272727272727,0.3409090909090909,0.13636363636363635,1.1000010000095455
0.5227272727272727,0.36363636363636365,0.11363636363636363,1.1000010000095457
0.5227272727272727,0.38636363636363635,0.09090909090909091,2.025896482491917
0.5227272727272727,0.4090909090909091,0.06818181818181818,2.14123702339014
0.5227272727272727,0.4318181818181818,0.045454545454545456,2.177345566791531
0.5227272727272727,0.45454545454545453,0.022727272727272728,2.1887794317795004
0.5227272727272727,0.4772727272727273,0.0,2.193680785545355
0.5454545454545454,0.0,0.45454545454545453,2.1965224844377853
0.5454545454545454,0.022727272727272728,0.4318181818181818,2.01842147584326
0.5454545454545454,0.045454545454545456,0.4090909090909091,1.8728083122722199
0.5454545454545454,0.06818181818181818,0.38636363636363635,1.750724106741735
0.5454545454545454,0.09090909090909091,0.36363636363636365,1.6597762227859267
0.5454545454545454,0.11363636363636363,0.3409090909090909,1.7042625942885106
0.5454545454545454,0.13636363636363635,0.3181818181818182,1.7182752268771189
0.5454545454545454,0.1590909090909091,0.29545454545454547,1.7178650101737463
0.5454545454545454,0.18181818181818182,0.2727272727272727,1.7040267674935745
0.5454545454545454,0.20454545454545456,0.25,1.6783364226943498
0.5454545454545454,0.22727272727272727,0.22727272727272727,1.6333494470015306
0.5454545454545454,0.25,0.20454545454545456,1.1000010000095453
0.5454545454545454,0.2727272727272727,0.18181818181818182,1.100001000009545
0.5454545454545454,0.29545454545454547,0.1590909090909091,1.1000010000095455
0.5454545454545454,0.3181818181818182,0.13636363636363635,1.1000010000095455
0.5454545454545454,0.3409090909090909,0.11363636363636363,1.1000010000095457
0.5454545454545454,0.36363636363636365,0.09090909090909091,1.9814229220406652
0.5454545454545454,0.38636363636363635,0.06818181818181818,2.1247848767555286
0.5454545454545454,0.4090909090909091,0.045454545454545456,2.1722300143622415
0.5454545454545454,0.4318181818181818,0.022727272727272728,2.186589175268255
0.5454545454545454,0.45454545454545453,0.0,2.1924656516276912
0.5681818181818182,0.0,0.4318181818181818,2.1958659802359457
0.5681818181818182,0.022727272727272728,0.4090909090909091,2.018173816835824
0.5681818181818182,0.045454545454545456,0.38636363636363635,1.8727312823934446
0.5681818181818182,0.06818181818181818,0.36363636363636365,1.7507087749582348
0.5681818181818182,0.09090909090909091,0.3409090909090909,1.667935751528898
0.5681818181818182,0.11363636363636363,0.3181818181818182,1.7166176112760543
0.5681818181818182,0.13636363636363635,0.29545454545454547,1.729796949154938
0.5681818181818182,0.1590909090909091,0.2727272727272727,1.7279023483793832
0.5681818181818182,0.18181818181818182,0.25,1.7167986479847779
0.5681818181818182,0.20454545454545456,0.22727272727272727,1.69097164966338
0.5681818181818182,0.22727272727272727,0.20454545454545456,1.6420942145482285
0.5681818181818182,0.25,0.18181818181818182,1.1000010000095457
0.5681818181818182,0.2727272727272727,0.1590909090909091,1.1000010000095457
0.5681818181818182,0.29545454545454547,0.13636363636363635,1.1000010000095455
0.5681818181818182,0.3181818181818182,0.11363636363636363,1.100001000009545
0.5681818181818182,0.3409090909090909,0.09090909090909091,1.9294527516958568
0.5681818181818182,0.36363636363636365,0.06818181818181818,2.1030322937773565
0.5681818181818182,0.38636363636363635,0.045454545454545456,2.165414353732934
0.5681818181818182,0.4090909090909091,0.022727272727272728,1.9902820725205308
0.5681818181818182,0.4318181818181818,0.0,2.0129397202088755
0.5909090909090909,0.0,0.4090909090909091,1.8873074716139102
0.5909090909090909,0.022727272727272728,0.38636363636363635,1.7906803737857615
0.5909090909090909,0.045454545454545456,0.36363636363636365,1.7139140319001442
0.5909090909090909,0.06818181818181818,0.3409090909090909,1.6513943206320034
0.5909090909090909,0.09090909090909091,0.3181818181818182,1.5994655714668302
0.5909090909090909,0.11363636363636363,0.29545454545454547,1.5994655714668304
0.5909090909090909,0.13636363636363635,0.2727272727272727,1.6163785398676183
0.5909090909090909,0.1590909090909091,0.25,1.6153425770771002
0.5909090909090909,0.18181818181818182,0.22727272727272727,1.596478989416796
0.5909090909090909,0.20454545454545456,0.20454545454545456,1.6142292943145877
0.5909090909090909,0.22727272727272727,0.18181818181818182,1.1000010000095455
0.5909090909090909,0.25,0.1590909090909091,1.100001000009545
0.5909090909090909,0.2727272727272727,0.13636363636363635,1.1000010000095457
0.5909090909090909,0.29545454545454547,0.11363636363636363,1.1000010000095455
0.5909090909090909,0.3181818181818182,0.09090909090909091,1.8074311400959402
0.5909090909090909,0.3409090909090909,0.06818181818181818,2.074075379631131
0.5909090909090909,0.36363636363636365,0.045454545454545456,2.1561088061828966
0.5909090909090909,0.38636363636363635,0.022727272727272728,2.179767027496839
0.5909090909090909,0.4090909090909091,0.0,2.18869888566108
0.6136363636363636,0.0,0.38636363636363635,2.0203409133728782
0.6136363636363636,0.022727272727272728,0.36363636363636365,1.8883371410223746
0.6136363636363636,0.045454545454545456,0.3409090909090909,1.7816681020785925
0.6136363636363636,0.06818181818181818,0.3181818181818182,1.701044221935658
0.6136363636363636,0.09090909090909091,0.29545454545454547,1.6715074057456345
0.6136363636363636,0.11363636363636363,0.2727272727272727,1.7032007137391334
0.6136363636363636,0.13636363636363635,0.25,1.7165586634788388
0.6136363636363636,0.1590909090909091,0.22727272727272727,1.7125803874201826
0.6136363636363636,0.18181818181818182,0.20454545454545456,1.689392935030644
0.6136363636363636,0.20454545454545456,0.18181818181818182,1.6416133576295173
0.6136363636363636,0.22727272727272727,0.1590909090909091,1.1000010000095455
0.6136363636363636,0.25,0.13636363636363635,1.1000010000095457
0.6136363636363636,0.2727272727272727,0.11363636363636363,1.1000010000095455
0.6136363636363636,0.29545454545454547,0.09090909090909091,1.8158875939029762
0.6136363636363636,0.3181818181818182,0.06818181818181818,2.0606550945962985
0.6136363636363636,0.3409090909090909,0.045454545454545456,2.1479857217708
0.6136363636363636,0.36363636363636365,0.022727272727272728,2.174251417384499
0.6136363636363636,0.38636363636363635,0.0,2.009061094280571
0.6363636363636364,0.0,0.36363636363636365,1.8857718678975466
0.6363636363636364,0.022727272727272728,0.3409090909090909,1.7901272758617064
0.6363636363636364,0.045454545454545456,0.3181818181818182,1.7137497951423868
0.6363636363636364,0.06818181818181818,0.29545454545454547,1.672914672127122
0.6363636363636364,0.09090909090909091,0.2727272727272727,1.6613973343263364
0.6363636363636364,0.11363636363636363,0.25,1.6884993198066665
0.6363636363636364,0.13636363636363635,0.22727272727272727,1.6887339972477604
0.6363636363636364,0.1590909090909091,0.20454545454545456,1.6702787466956677
0.6363636363636364,0.18181818181818182,0.18181818181818182,1.629258944679644
0.6363636363636364,0.20454545454545456,0.1590909090909091,1.1000010000095455
0.6363636363636364,0.22727272727272727,0.13636363636363635,1.1000010000095455
0.6363636363636364,0.25,0.11363636363636363,1.1000010000095457
0.6363636363636364,0.2727272727272727,0.09090909090909091,1.764941932572953
0.6363636363636364,0.29545454545454547,0.06818181818181818,1.9911010942258107
0.6363636363636364,0.3181818181818182,0.045454545454545456,2.128390582709046
0.6363636363636364,0.3409090909090909,0.022727272727272728,2.1661846598956362
0.6363636363636364,0.36363636363636365,0.0,2.005763128201459
0.6590909090909091,0.0,0.3409090909090909,1.884477779707445
0.6590909090909091,0.022727272727272728,0.3181818181818182,1.7896663068902843
0.6590909090909091,0.045454545454545456,0.29545454545454547,1.7161629438565282
0.6590909090909091,0.06818181818181818,0.2727272727272727,1.6922703794970524
0.6590909090909091,0.09090909090909091,0.25,1.6850335761656954
0.6590909090909091,0.11363636363636363,0.22727272727272727,1.7129091042196565
0.6590909090909091,0.13636363636363635,0.20454545454545456,1.709914873235289
0.6590909090909091,0.1590909090909091,0.18181818181818182,1.686999851707593
0.6590909090909091,0.18181818181818182,0.1590909090909091,1.639658182795655
0.6590909090909091,0.20454545454545456,0.13636363636363635,1.1000010000095455
0.6590909090909091,0.22727272727272727,0.11363636363636363,1.1000010000095457
0.6590909090909091,0.25,0.09090909090909091,1.7205450243161144
0.6590909090909091,0.2727272727272727,0.06818181818181818,1.9027890410814436
0.6590909090909091,0.29545454545454547,0.045454545454545456,2.098453509161722
0.6590909090909091,0.3181818181818182,0.022727272727272728,2.153767856448844
0.6590909090909091,0.3409090909090909,0.0,2.00069683784
0.6818181818181818,0.0,0.3181818181818182,1.8825045190300553
0.6818181818181818,0.022727272727272728,0.29545454545454547,1.788970448588104
0.6818181818181818,0.045454545454545456,0.2727272727272727,1.749060812450226
0.6818181818181818,0.06818181818181818,0.25,1.7310741002595909
0.6818181818181818,0.09090909090909091,0.22727272727272727,1.7274276662229449
0.6818181818181818,0.11363636363636363,0.20454545454545456,1.7695929174919702
0.6818181818181818,0.13636363636363635,0.18181818181818182,1.7560915692236276
0.6818181818181818,0.1590909090909091,0.1590909090909091,1.7223126396349948
0.6818181818181818,0.18181818181818182,0.13636363636363635,1.6613372504051787
0.6818181818181818,0.20454545454545456,0.11363636363636363,1.1000010000095457
0.6818181818181818,0.22727272727272727,0.09090909090909091,1.702021274577743
0.6818181818181818,0.25,0.06818181818181818,1.8654007606964744
0.6818181818181818,0.2727272727272727,0.045454545454545456,2.05140792423683
0.6818181818181818,0.29545454545454547,0.022727272727272728,1.9541399361759089
0.6818181818181818,0.3181818181818182,0.0,1.8538816547119346
0.7045454545454546,0.0,0.29545454545454547,1.7747011209679644
0.7045454545454546,0.022727272727272728,0.2727272727272727,1.7271307453683218
0.7045454545454546,0.045454545454545456,0.25,1.7059410044259864
0.7045454545454546,0.06818181818181818,0.22727272727272727,1.693279438552396
0.7045454545454546,0.09090909090909091,0.20454545454545456,1.6930855788319437
0.7045454545454546,0.11363636363636363,0.18181818181818182,1.7321137915995304
0.7045454545454546,0.13636363636363635,0.1590909090909091,1.7008473106168294
0.7045454545454546,0.1590909090909091,0.13636363636363635,1.6459990778512978
0.7045454545454546,0.18181818181818182,0.11363636363636363,1.1000010000095457
0.7045454545454546,0.20454545454545456,0.09090909090909091,1.6777878260981824
0.7045454545454546,0.22727272727272727,0.06818181818181818,1.8159598437747972
0.7045454545454546,0.25,0.045454545454545456,1.9751285680182287
0.7045454545454546,0.2727272727272727,0.022727272727272728,1.9281435047527549
0.7045454545454546,0.29545454545454547,0.0,1.8433116800636835
0.7272727272727273,0.0,0.2727272727272727,1.7707016446083286
0.7272727272727273,0.022727272727272728,0.25,1.7360312122618542
0.7272727272727273,0.045454545454545456,0.22727272727272727,1.7125617716694783
0.7272727272727273,0.06818181818181818,0.20454545454545456,1.6991060946567573
0.7272727272727273,0.09090909090909091,0.18181818181818182,1.699526490334145
0.7272727272727273,0.11363636363636363,0.1590909090909091,1.7423842840587882
0.7272727272727273,0.13636363636363635,0.13636363636363635,1.7060608289768253
0.7272727272727273,0.1590909090909091,0.11363636363636363,1.6475757695318374
0.7272727272727273,0.18181818181818182,0.09090909090909091,1.6475757695318378
0.7272727272727273,0.20454545454545456,0.06818181818181818,1.7534115928899086
0.7272727272727273,0.22727272727272727,0.045454545454545456,1.7534115928899088
0.7272727272727273,0.25,0.022727272727272728,1.753411592889909
0.7272727272727273,0.2727272727272727,0.0,1.7183670504603974
0.75,0.0,0.25,1.681488571291086
0.75,0.022727272727272728,0.22727272727272727,1.6578913885868305
0.75,0.045454545454545456,0.20454545454545456,1.6425469816797278
0.75,0.06818181818181818,0.18181818181818182,1.6337264948699879
0.75,0.09090909090909091,0.1590909090909091,1.6329587610441987
0.75,0.11363636363636363,0.13636363636363635,1.6552572337125713
0.75,0.13636363636363635,0.11363636363636363,1.6159720571482097
0.75,0.1590909090909091,0.09090909090909091,1.6159720571482097
0.75,0.18181818181818182,0.06818181818181818,1.686787393223327
0.75,0.20454545454545456,0.045454545454545456,1.6867873932233273
0.75,0.22727272727272727,0.022727272727272728,1.6867873932233273
0.75,0.25,0.0,1.6865465978054301
0.7727272727272727,0.0,0.22727272727272727,1.6688263234681384
0.7727272727272727,0.022727272727272728,0.20454545454545456,1.6434077442036172
0.7727272727272727,0.045454545454545456,0.18181818181818182,1.6277227276896136
0.7727272727272727,0.06818181818181818,0.1590909090909091,1.6185702764126508
0.7727272727272727,0.09090909090909091,0.13636363636363635,1.6160972927152815
0.7727272727272727,0.11363636363636363,0.11363636363636363,1.62944074501494
0.7727272727272727,0.13636363636363635,0.09090909090909091,1.6294407450149402
0.7727272727272727,0.1590909090909091,0.06818181818181818,1.5892725171265563
0.7727272727272727,0.18181818181818182,0.045454545454545456,1.5892725171265563
0.7727272727272727,0.20454545454545456,0.022727272727272728,1.5892725171265563
0.7727272727272727,0.22727272727272727,0.0,1.5892725171265563
0.7954545454545454,0.0,0.20454545454545456,1.5892725171265563
0.7954545454545454,0.022727272727272728,0.18181818181818182,1.5891656860645413
0.7954545454545454,0.045454545454545456,0.1590909090909091,1.5819918577329322
0.7954545454545454,0.06818181818181818,0.13636363636363635,1.5780236402420262
0.7954545454545454,0.09090909090909091,0.11363636363636363,1.5765788118231228
0.7954545454545454,0.11363636363636363,0.09090909090909091,1.5894492788789762
0.7954545454545454,0.13636363636363635,0.06818181818181818,1.5709422250898035
0.7954545454545454,0.1590909090909091,0.045454545454545456,1.5709422250898035
0.7954545454545454,0.18181818181818182,0.022727272727272728,1.5709422250898035
0.7954545454545454,0.20454545454545456,0.0,1.5709422250898035
0.8181818181818182,0.0,0.18181818181818182,1.5709422250898033
0.8181818181818182,0.022727272727272728,0.1590909090909091,1.5709422250898035
0.8181818181818182,0.045454545454545456,0.13636363636363635,1.5709422250898035
0.8181818181818182,0.06818181818181818,0.11363636363636363,1.5709422250898033
0.8181818181818182,0.09090909090909091,0.09090909090909091,1.5730371274919088
0.8181818181818182,0.11363636363636363,0.06818181818181818,1.5728261753289132
0.8181818181818182,0.13636363636363635,0.045454545454545456,1.5633951515922004
0.8181818181818182,0.1590909090909091,0.022727272727272728,1.5633951515922004
0.8181818181818182,0.18181818181818182,0.0,1.5633951515922004
0.8409090909090909,0.0,0.1590909090909091,1.5633951515922004
0.8409090909090909,0.022727272727272728,0.13636363636363635,1.5633951515922004
0.8409090909090909,0.045454545454545456,0.11363636363636363,1.5633951515922004
0.8409090909090909,0.06818181818181818,0.09090909090909091,1.5633951515922004
0.8409090909090909,0.09090909090909091,0.06818181818181818,1.5633951515922004
0.8409090909090909,0.11363636363636363,0.045454545454545456,1.1000010000095455
0.8409090909090909,0.13636363636363635,0.022727272727272728,4.69041575982343e-06
0.8409090909090909,0.1590909090909091,0.0,4.69041575982343e-06
0.8636363636363636,0.0,0.13636363636363635,4.69041575982343e-06
0.8636363636363636,0.022727272727272728,0.11363636363636363,4.69041575982343e-06
0.8636363636363636,0.045454545454545456,0.09090909090909091,4.69041575982343e-06
0.8636363636363636,0.06818181818181818,0.06818181818181818,4.69041575982343e-06
0.8636363636363636,0.09090909090909091,0.045454545454545456,4.69041575982343e-06
0.8636363636363636,0.11363636363636363,0.022727272727272728,4.69041575982343e-06
0.8636363636363636,0.13636363636363635,0.0,4.69041575982343e-06
0.8863636363636364,0.0,0.11363636363636363,4.69041575982343e-06
0.8863636363636364,0.022727272727272728,0.09090909090909091,4.69041575982343e-06
0.8863636363636364,0.045454545454545456,0.06818181818181818,4.69041575982343e-06
0.8863636363636364,0.06818181818181818,0.045454545454545456,4.69041575982343e-06
0.8863636363636364,0.09090909090909091,0.022727272727272728,4.69041575982343e-06
0.8863636363636364,0.11363636363636363,0.0,4.69041575982343e-06
0.9090909090909091,0.0,0.09090909090909091,4.69041575982343e-06
0.9090909090909091,0.022727272727272728,0.06818181818181818,4.69041575982343e-06
0.9090909090909091,0.045454545454545456,0.045454545454545456,4.69041575982343e-06
0.9090909090909091,0.06818181818181818,0.022727272727272728,4.69041575982343e-06
0.9090909090909091,0.09090909090909091,0.0,4.69041575982343e-06
0.9318181818181818,0.0,0.06818181818181818,4.69041575982343e-06
0.9318181818181818,0.022727272727272728,0.045454545454545456,4.69041575982343e-06
0.9318181818181818,0.045454545454545456,0.022727272727272728,4.69041575982343e-06
0.9318181818181818,0.06818181818181818,0.0,4.69041575982343e-06
0.9545454545454546,0.0,0.045454545454545456,4.69041575982343e-06
0.9545454545454546,0.022727272727272728,0.022727272727272728,4.69041575982343e-06
0.9545454545454546,0.045454545454545456,0.0,4.69041575982343e-06
0.9772727272727273,0.0,0.022727272727272728,4.69041575982343e-06
0.9772727272727273,0.022727272727272728,0.0,4.69041575982343e-06
1.0,0.0,0.0,4.69041575982343e-06
