lambda1,lambda2,lambda3,sensitivity_norm
0.6742243057154609,0.23143330208050372,0.09434239220403545,0.3249966884212159
0.1839340745936104,0.09748731362233083,0.7185786117840588,0.09442122850729345
0.5349930865218983,0.19690289527476015,0.2681040182033417,0.12925305158084144
0.7082386989449665,0.19487174859929296,0.09688955245574057,0.12927498289795306
0.44210722677805053,0.009351434893739805,0.5485413383282097,0.08575902311636144
0.19354500061985871,0.1270499385950187,0.6794050607851225,0.10269608080658782
0.31486734964870183,0.6003336846596723,0.08479896569162575,1.7728106730428987
0.7463262030450102,0.1836497863561925,0.07002401059879744,0.14216421978425697
0.3541976659624664,0.04292714471159315,0.6028751893259404,0.1849083851726907
0.29592831214762116,0.6660120250266334,0.038059662825745445,2.046775313484795
0.2831488000144446,0.1817792632359582,0.5350719367495972,0.13284165563664468
0.2552686253386602,0.08425584157029924,0.6604755330910406,0.1594642871270684
0.32299339288121937,0.6708062786669902,0.006200328451790488,1.5124666238402917
0.386165777788733,0.5321160858018447,0.08171813640942235,3.6029884156414953
0.05431258045332222,0.08045661497446506,0.8652308045722127,0.12404200652174693
0.7394006103812508,0.007273982533278867,0.25332540708547024,1.7504088585223745
0.41328483788003395,0.36217965147840514,0.22453551064156094,0.8508706181425227
0.37404056459849905,0.012979144790384575,0.6129802906111164,0.08213830957916203
0.5457124314500756,0.1584997230471049,0.2957878455028194,0.1668783503994836
0.12843982948679816,0.09137248943782281,0.7801876810753791,0.1469296764912387
0.5557921357593182,0.1691924743961143,0.2750153898445675,0.14975388953604915
0.47305932322648464,0.4949634898556962,0.031977186917819124,1.3681533352644752
0.8066620663815286,0.019903728286342997,0.1734342053321283,1.6408198951232815
0.2688032280362902,0.5819233722566476,0.1492733997070622,1.5214965613656413
0.8766465107604109,0.11496528655485815,0.008388202684730901,2.4282612121333806
0.24197471825772918,0.49971606316218004,0.2583092185800908,0.7479519566200702
0.12968228999492515,0.061679034189168126,0.8086386758159068,0.05725195578643255
0.251882909782078,0.6751788155236348,0.07293827469428717,1.6891970678583743
0.577036743237557,0.12801324510164777,0.2949500116607951,0.11188508000029973
0.5112850369522718,0.21898503175358303,0.26972993129414513,0.19801519101393952
0.07962714145304733,0.21989697990199125,0.7004758786449614,0.11626778848679269
0.3211348243827886,0.4517258513380113,0.2271393242792002,1.2566729715149403
0.9270775181634398,0.036454212451632106,0.0364682693849281,2.367789780434116
0.5960764506384129,0.37815617964453313,0.025767369717054085,1.0010334847920714
0.7119804160685448,0.06695776445134016,0.221061819480115,0.08714111793878976
0.3679492523004499,0.17889359805614197,0.45315714964340825,0.11901328427439882
0.17911953839229855,0.7971288274425795,0.023751634165122028,2.1796713512989006
0.16713466748482414,0.3565221718677271,0.47634316064744875,0.44508974952338687
0.3562303695428455,0.5558378717003734,0.0879317587567812,1.503380164630882
0.06060061188703585,0.6164672502683304,0.3229321378446338,1.9893888771505719
0.3243221720026309,0.31095633686025853,0.36472149113711066,0.26765724355438686
0.23153135163705144,0.03436755500903777,0.7341010933539108,0.09722630166789253
0.6590333326352525,0.06168178730462304,0.2792848800601245,0.07592842024524878
0.7199616158439229,0.16626264107322267,0.11377574308285462,0.15189254585053688
0.16480535352200662,0.8028955589284221,0.03229908754957125,1.3152308355254327
0.15696542137615302,0.25298676043356777,0.5900478181902792,0.1852555453216159
0.19454362510795709,0.7101360157714443,0.09532035912059873,2.182751419943149
0.23515653242805723,0.5982736998142272,0.16656976775771554,1.6706977380758306
0.683096219098994,0.09293549076126488,0.22396829013974104,0.12940772517937343
0.4709275765381468,0.0064720507996770356,0.5226003726621761,0.03819263268967687
0.012018338090184209,0.1985311940203299,0.7894504678894859,0.10514994911438873
0.3113581146525741,0.09766001092762167,0.5909818744198041,0.09127049029824906
0.027377694980822872,0.5235073010943806,0.44911500392479653,0.22600657934888796
0.10839159613998643,0.4095045158908933,0.48210388796912024,0.5165508326708648
0.058168485857526056,0.7699677699201056,0.17186374422236828,4.279043478712183
0.016517370617132016,0.1687370351287155,0.8147455942541526,0.13178799223188822
0.11360649011435016,0.6079135229357322,0.2784799869499176,1.6237575717675408
0.5589755711675054,0.03437104808081094,0.4066533807516836,0.10383284447176491
0.015918024292835765,0.004006233654771285,0.980075742052393,0.06654253274141055
0.2184482293817102,0.6536101988284276,0.12794157178986212,2.4175550713394056
0.5297182150032276,0.2693502107222413,0.20093157427453123,0.2936539563644094
0.10208543343706339,0.17355461110277495,0.7243599554601616,0.18066430140035303
0.3575537409449117,0.4387780326328439,0.20366822642224439,1.3941649936752585
0.12907821877826056,0.32212121140290506,0.5488005698188344,0.21718884516292855
0.4028107268315645,0.43989607879789844,0.15729319437053704,1.065798076375803
0.024437739945304782,0.22202955764382745,0.7535327024108678,0.25968778830780087
0.055832967259019574,0.19220414367378397,0.7519628890671964,0.20195710602007544
0.4265586860483423,0.2971474000976461,0.2762939138540115,0.17277992825801364
0.1752138186421503,0.1953300672745411,0.6294561140833086,0.13381413869028816
0.299238867770731,0.12617703417712278,0.5745840980521463,0.11034389751166575
0.2610573440465203,0.14532733087830024,0.5936153250751794,0.23487918685940787
0.2910028920660392,0.3852727440151447,0.323724363918816,0.6889897333905097
0.5828311759108745,0.1027097107611968,0.31445911332792853,0.08205597729834767
0.6933776666653637,0.09415578361987777,0.21246654971475862,0.09318970521008468
0.5565864020041503,0.2520516251709297,0.1913619728249199,0.2382400145909095
0.10343874100760002,0.1372230863691934,0.7593381726232066,0.20022671220687416
0.21778818195489366,0.6987104287741257,0.08350138927098068,2.8215936422348262
0.029902218591678246,0.04913436933016348,0.9209634120781582,0.08273308686743858
0.6211772888953841,0.1996531719627359,0.17916953914188,0.25086648021927993
0.1716117362797072,0.14675761937730494,0.6816306443429879,0.16663856841573624
0.22950683839166566,0.4348880631683284,0.33560509844000597,0.5675162041489644
0.02812910544903465,0.15664364530391606,0.8152272492470493,0.1037833723010395
0.43060552686661024,0.3608675712479709,0.20852690188541892,0.6112873394681634
0.033464403035347146,0.11848368812829024,0.8480519088363626,0.1114101691838069
0.31719797334090627,0.21073810371439128,0.47206392294470245,0.3756201763466189
0.4659942014075921,0.11253124930169925,0.42147454929070854,0.12019170408071707
0.08173048491350572,0.7548153998918944,0.16345411519459996,3.3678092946505784
0.18725156886991912,0.3793378395557486,0.43341059157433215,0.24652908080049776
0.1336946768047062,0.33656498188164063,0.5297403413136531,0.310517430014648
0.0,0.5,0.5,0.35533203402600055
0.6271940650921896,0.26659371061375187,0.10621222429405852,0.5743655891910527
0.7025278813856052,0.04388162099840222,0.2535904976159927,0.7131308647845449
0.11905667279532625,0.12718624834307599,0.7537570788615978,0.14831102035227153
0.23836549992700004,0.09006252742365765,0.6715719726493422,0.2806121085080075
0.04817273192732842,0.3911761771444683,0.5606510909282033,0.39849353652000524
0.010177627962701769,0.6520172584292929,0.33780511360800525,1.2748575973520413
0.9346934212989578,0.03934281557739579,0.025963763123646347,2.926100739704537
0.025761586566419265,0.76691584447307,0.20732256896051074,1.7786079009346805
0.3612222591706256,0.04428974087691155,0.5944879999524628,0.18788937650233314
0.41003393556922163,0.30711297727845366,0.2828530871523247,0.411203063243643
0.10473003308602306,0.03048243272899797,0.864787534184979,0.0984785596496934
0.18915416526451995,0.24742924420052384,0.5634165905349562,0.24002094879132913
0.28499869323842403,0.6736190980414034,0.04138220872017268,1.6379544167197042
0.2902361531230042,0.1433367727241892,0.5664270741528066,0.031266929466954155
0.17908154717616792,0.5511820692476308,0.2697363835762013,2.151571462694632
0.13528426381407485,0.4038280616510317,0.46088767453489343,0.453050093291682
0.23249661117143955,0.7404620875962216,0.02704130123233893,2.6241818110441204
0.02429867675805373,0.8132432080278308,0.1624581152141154,1.2429419080070994
0.6926686460639684,0.21370006394556817,0.09363128999046351,0.33779272008346667
0.28780248205663533,0.5502105135469442,0.16198700439642053,1.5281190072125748
0.13720014479808973,0.05737611341617111,0.8054237417857392,0.06670170871373653
0.18582819639777962,0.20611792117369146,0.6080538824285289,0.21424017351776514
0.28976668994234134,0.566353291807432,0.14388001825022678,2.2679397151798955
0.19307329444870636,0.12651759569271767,0.680409109858576,0.1775992884544386
0.45155914534588615,0.3706920782129004,0.1777487764412134,0.5122063691085665
0.11306862119238414,0.5386161630836054,0.3483152157240105,1.405493627091246
0.9011328885381629,0.041641736280599126,0.057225375181238054,1.7024563202404785
0.4761015921382035,0.4438031784988351,0.08009522936296141,0.8869651575825993
0.9164682596395013,0.03563209830459138,0.047899642055907334,1.7412069664794063
0.024430590334659493,0.7412447825629311,0.23432462710240937,2.140130695919964
0.03835392811707658,0.3265827111247216,0.6350633607582017,0.1664184289634571
0.0995873989341531,0.834687469939969,0.06572513112587777,2.359387196407423
0.02269950980583809,0.32211996724564324,0.6551805229485187,0.16003547545296018
0.16305462468330215,0.12593622012883907,0.7110091551878588,0.06469999530811221
0.5155752065571457,0.07210131892134944,0.4123234745215048,0.10551370321892134
0.5721458089059077,0.28971415554329566,0.1381400355507966,0.4426028670903377
0.28560987739966265,0.15826137971877155,0.5561287428815659,0.15575223917109632
0.1137584680570527,0.2667899734415225,0.6194515585014249,0.05206083689849769
0.5200844557978926,0.28277016875357014,0.1971453754485371,0.4739294251916715
0.5685116580162968,0.174563511303498,0.25692483068020533,0.1357812892502536
0.02860377086651279,0.351112579673887,0.6202836494596004,0.19290355910071186
0.7098203481745392,0.15990649302219223,0.13027315880326848,0.15447553986690493
0.26825744938570284,0.6814834043253295,0.05025914628896776,2.191842178884319
0.3632339617061727,0.046710938576815665,0.5900550997170116,0.13728600525492846
0.6439809540362162,0.05166656068205047,0.30435248528173314,0.38734290440575336
0.10620104143695355,0.3701217828295028,0.5236771757335438,0.26535677879459324
0.3162658447625803,0.18894451671732132,0.49478963852009844,0.18174492310995996
0.013556270438097085,0.7368848625649613,0.24955886699694155,1.3697003387194029
0.8913910588129602,0.08305342353327891,0.025555517653760924,3.4931541618889015
0.09510772761280462,0.8762891927571349,0.02860307963006056,2.599002871718639
0.36327297960129135,0.36898997159791336,0.26773704880079535,0.7108054196916567
0.5842174546077942,0.32278501528554093,0.09299753010666495,1.1803198377201356
0.662868104552278,0.15233761747968252,0.1847942779680395,0.1363906069862529
0.20175534996216266,0.4979351024441055,0.30030954759373185,0.7157278260553397
0.013517103812968506,0.38246225993295624,0.6040206362540753,0.11696681389232201
0.35944982075790294,0.38641416432129533,0.25413601492080184,0.4019461668434884
0.0711243425507344,0.5927558576202512,0.33611979982901435,1.5404940008176968
0.09129007169505288,0.7345791243891246,0.17413080391582245,2.1454072051106587
0.7179140381807424,0.1418845805961798,0.1402013812230778,0.1532258609136163
0.5508148710007335,0.002384797849867184,0.44680033114939927,0.029824925178450847
0.0361996382907739,0.8353309647938001,0.128469396915426,2.3847357309425057
0.5522763548936649,0.12494354129272615,0.32278010381360905,0.1497541603229903
0.4930344590748991,0.13509126836063506,0.3718742725644658,0.20509757044797935
0.05011604749056308,0.45128815752056517,0.49859579498887185,0.48050591262129794
0.29036169539461654,0.34117983708684074,0.3684584675185428,0.2938010036367457
0.41219665450890736,0.24134213368954377,0.3464612118015488,0.3891172156038139
0.43165814359917265,0.4796144801965694,0.08872737620425791,0.9946955835662878
0.12068055783812805,0.504423837264878,0.3748956048969939,0.7796183411951556
0.11757477935117801,0.0664106570048841,0.816014563643938,0.08125541860650069
0.4901110009788185,0.27058222355633055,0.239306775464851,0.49052012798659084
0.4671351447633885,0.3363501407575089,0.19651471447910265,0.4383481345150833
0.6059162466428513,0.1317363389826998,0.2623474143744489,0.11976678371937326
0.5145678697106044,0.2590652191830312,0.2263669111063643,0.2821015839228326
0.5622963921723547,0.32023756533848496,0.11746604248916026,1.4734033106992377
0.3596310378010057,0.27588546810454206,0.36448349409445235,0.15713638188315
0.40227923919876674,0.43733330205323134,0.16038745874800195,0.9050467247614115
0.3006620394938307,0.007049861800811049,0.6922880987053583,0.1315131437121781
0.5681704711305429,0.4294092522433219,0.0024202766261352477,1.147526431383891
0.1864594564208395,0.49719340600512424,0.31634713757403626,0.8783132989376005
0.2898998269246543,0.07076873303612301,0.6393314400392226,0.08292211631597002
0.507983894277533,0.2648921151779112,0.22712399054455581,0.46625230923260175
0.27340619892842766,0.44767790741261304,0.27891589365895925,0.79764128742962
0.45942877851442737,0.18404668247219122,0.3565245390133814,0.15622247519527124
0.035616288425556475,0.33664325463016687,0.6277404569442768,0.267438495128715
0.22971363539293665,0.6630363111214395,0.10725005348562386,1.305597726082103
0.040858487295975535,0.6821299767906284,0.2770115359133961,2.5769570049812858
0.6020029522014648,0.3409417245261476,0.05705532327238754,1.6301184082366569
0.1234970302328614,0.38913923132630274,0.4873637384408358,0.5613393889746077
0.8599905654903004,0.06808994629078095,0.07191948821891868,3.08429999021819
0.14045117904925036,0.40189174707433234,0.4576570738764174,0.2796738263284222
0.6728906905700007,0.297377195140518,0.02973211428948127,1.1994493882574515
0.2014957325006136,0.3993608081014596,0.39914345939792684,0.2908608359916688
0.04157447113709743,0.40983430251499786,0.5485912263479047,0.28180882112363637
0.01721725385641686,0.24688103840834658,0.7359017077352366,0.17679030257513467
0.21124231161582283,0.09844354684696699,0.6903141415372102,0.09191817573371149
0.2526723869137687,0.2121598907589543,0.535167722327277,0.16866804111300127
0.19127338593965365,0.18042165224426124,0.6283049618160851,0.13542800933839547
0.13170389500690338,0.10933000813968459,0.7589660968534121,0.14440332945563836
0.19798904993295668,0.48615631957847216,0.31585463048857126,1.014144548134679
0.40314264483040985,0.13628480923310432,0.4605725459364858,0.2332911588111213
0.28831732353489065,0.07098135489150612,0.6407013215736032,0.1213637682534616
0.07298825067459333,0.11749194425508842,0.8095198050703182,0.12442084847526008
0.7163869554367626,0.10879012479169092,0.17482291977154654,0.09663873630170104
0.7748502236085008,0.174776977159466,0.05037279923203311,0.12861219336605892
0.6248703358332344,0.007286003436414489,0.3678436607303512,0.6927978844158764
0.29367527998833254,0.5551560561169587,0.1511686638947088,0.8746735929648319
0.45432627878790754,0.5010428478322271,0.044630873379865287,2.903182970661388
0.10553751767289109,0.8262884723223175,0.06817401000479134,2.247235017047681
0.42843416319709005,0.35631740692671426,0.21524842987619577,0.5607852445933649
0.5984990244247177,0.23143341990851626,0.17006755566676607,0.35650284247998243
0.007344708172024602,0.9501057026244811,0.042549589203494234,2.5853731153774473
0.13013536020640926,0.07049315694189942,0.7993714828516914,0.121420801098853
0.5242231125660828,0.30892579100442213,0.166851096429495,0.2983771637773731
0.07090176796737188,0.023992475196543246,0.9051057568360849,0.11059910853074084
0.05117357206000375,0.4745526642906284,0.47427376364936774,0.32640924398888155
0.7054055723812264,0.23925961421771322,0.0553348134010604,0.3557982174917176
0.08555220405174009,0.3794208128063259,0.5350269831419341,0.32382635012418226
0.376758793248727,0.2753783881416151,0.34786281860965784,0.20608528545569246
0.35700963105186473,0.05290012315980395,0.5900902457883312,0.07678190234082599
0.581486201655603,0.3615270708224782,0.05698672752191877,1.8462044104387747
0.0370724325505356,0.09365641704416108,0.8692711504053033,0.07426035454213634
0.07152579602961558,0.8606987955561984,0.06777540841418579,2.530904188265942
0.034211436718232145,0.44849944134430225,0.5172891219374657,0.4329642183015992
0.11563577968246613,0.1625189447426011,0.7218452755749328,0.2391418675973344
0.3062460761161516,0.5546142691326129,0.1391396547512355,2.323864436026768
0.5294757298482,0.18947879745143403,0.28104547270036595,0.13398413121657665
0.0593205303823453,0.07474391097072958,0.8659355586469251,0.10256171999803515
0.06499753797589433,0.9281522563118549,0.006850205712250723,1.8369006124049743
0.4320190778911411,0.2000806816816503,0.3679002404272087,0.15680622001625757
0.23941525235044891,0.725702127570599,0.03488262007895193,2.596034840458639
0.025414556684147608,0.6661476263190618,0.30843781699679057,1.413500334489779
0.05303126011350083,0.9297690562008711,0.017199683685628,1.7429194240782757
0.7403117552930492,0.08715180102575924,0.17253644368119145,0.04024132772191844
0.08965178397828771,0.7934024205976765,0.11694579542403571,4.275013500675689
0.17734961664734056,0.6590582021934284,0.16359218115923105,1.8431363529004132
0.05194594364069478,0.19922154444108522,0.74883251191822,0.08383560611945218
0.8617316106928873,0.111241248696463,0.027027140610649685,2.7574857397926413
0.4782682981727838,0.2743865531909368,0.2473451486362794,0.37189981188852284
0.656584392605097,0.15890820775774353,0.18450739963715926,0.13514713463830405
0.63758615562711,0.188227458861805,0.17418638551108515,0.11920861940902545
0.5187426254761324,0.029658477538100695,0.45159889698576683,0.07743668518495722
0.21406686924941634,0.007876151777127496,0.7780569789734563,0.07915115856575757
0.15592538516211576,0.05885345770437216,0.785221157133512,0.05342514596224797
0.3648352134405063,0.27606660352334156,0.3590981830361521,0.13792118793393446
0.21865383127689922,0.6411745035847101,0.14017166513839055,1.7929885604656757
0.7935516524346495,0.18759190551746044,0.01885644204789005,0.2815417719504251
0.8631338484580765,0.02629027452213303,0.11057587701979053,1.012913991886149
0.4983514627136966,0.09296011976298073,0.40868841752332263,0.16882939318759377
0.25891915337042243,0.6371417003045605,0.103939146325017,2.468825592716927
0.9091540512788825,0.006046443176312589,0.08479950554480478,1.2415710115802554
0.2391711462978427,0.6315214672304683,0.12930738647168902,1.8862897261150327
0.5998143916572847,0.17124927704004284,0.2289363313026725,0.17420374280658177
0.15532180338801369,0.36555078540543817,0.47912741120654817,0.29590998383907247
0.4259027958869272,0.3392112864177566,0.23488591769531614,0.37810646288712
0.32288383006908783,0.10733927380393363,0.5697768961269785,0.08099425417880514
0.03212316301837533,0.18522662130818807,0.7826502156734366,0.1387739062394185
0.009035331712062349,0.30940199899822324,0.6815626692897145,0.11349509535212324
0.27639365026193224,0.23767188523948152,0.4859344644985862,0.1490218746875495
0.5,0.5,0.0,1.1202418280435138
0.012499043974409164,0.9363848995920471,0.05111605643354387,2.5848487976314583
0.7624752840526874,0.2001304523847126,0.03739426356260003,0.46036859019690374
0.4626628526514836,0.36453282011733223,0.1728043272311842,1.0161171685718293
0.1293871319380957,0.774012416142206,0.09660045191969822,2.472537774972242
0.5026055288061847,0.40261270016509276,0.09478177102872253,2.1354872532272173
0.26822377651342594,0.09995803868187658,0.6318181848046974,0.08702437963857128
0.1966734039023002,0.4087062836211378,0.394620312476562,0.343414956777595
0.27357870817254737,0.7201715101815569,0.0062497816458958935,1.4948570656198037
0.04810177857792685,0.3825766148389228,0.5693216065831505,0.30864787475761607
0.3421991749810819,0.017212039846637696,0.6405887851722804,0.06164881855668958
0.7546013434061994,0.10324100293624325,0.14215765365755725,0.10863022491913553
0.08506285544038025,0.30122004191669244,0.6137171026429272,0.18706383669754964
0.19680434713554984,0.18798057895058265,0.6152150739138675,0.19255740352207057
0.29238446533638107,0.09349106174421583,0.614124472919403,0.06374416852930533
0.44761851876565883,0.4880212347723127,0.06436024646202837,1.672199069135831
0.22781456548424467,0.2012661498464848,0.5709192846692706,0.21390505833995557
0.03497515584506913,0.2008951397636701,0.7641297043912607,0.10417241471381576
0.37380245486906827,0.2822584448876173,0.3439391002433143,0.10041893693821936
0.318162995099087,0.24641788500809414,0.43541911989281884,0.2946953115012854
0.19126081900345707,0.8073657958045052,0.0013733851920377797,2.465145007797297
0.11698941119403672,0.06475066001345621,0.8182599287925072,0.10008134426015952
0.14110880472818593,0.3302432908075025,0.5286479044643116,0.33016441473221575
0.5514594774567056,0.3946423514793602,0.05389817106393405,1.4013559301841982
0.43965091206034346,0.0605985990619722,0.49975048887768436,0.0886682896880768
0.798013370082551,0.08290396957897689,0.11908266033847208,1.769086813774902
0.7259176063095906,0.03454404054531596,0.23953835314509359,1.2536132167295002
0.6629902633635064,0.011667136558777188,0.3253426000777164,1.580189227900422
0.6854566040948148,0.219981018594995,0.09456237731019022,0.2099761043697601
0.3003700567310749,0.3188293457829006,0.3808005974860246,0.3426531358021205
0.07433771718532532,0.11309442685658051,0.8125678559580942,0.11211442691970906
0.32176429806833357,0.23547150424989494,0.4427641976817715,0.17687831541631013
0.6969763241286252,0.28758167667728834,0.015441999194086502,1.3238749219013177
0.11141072736000925,0.6110318321902047,0.2775574404497859,3.641400621493802
0.29002449255074036,0.1789319071970222,0.5310436002522375,0.24237881324326424
0.5068983834623376,0.3358925416212941,0.1572090749163684,0.548934816933866
0.10541330342938046,0.3398570285698866,0.554729668000733,0.36901772936491445
0.20412368467532693,0.08618377295573794,0.7096925423689351,0.19155945218601256
0.009235752518670055,0.4105312378639708,0.5802330096173591,0.2497446873105369
0.2948909881846437,0.14325077527846844,0.5618582365368878,0.21079392838992417
0.7847234967221471,0.12528347523194044,0.08999302804591247,0.05653868907469769
0.2955609893428608,0.501855782219564,0.20258322843757537,2.4497900517005555
0.8999768494073032,0.08475705190799467,0.015266098684702032,3.0221509453878905
0.2061328238988155,0.1934796004452919,0.6003875756558926,0.1282660980622087
0.4190076236648728,0.5754551106845577,0.0055372656505695,1.4304342623888968
0.3630688882483579,0.3754462193026812,0.26148489244896084,0.5008765102594915
0.0036336288719628347,0.54242936567104,0.4539370054569971,0.5387882548682081
0.29143889434480896,0.5543563496903676,0.15420475596482333,1.0931266387002798
0.27126338693556196,0.6465645040795307,0.08217210898490734,0.9001842271007169
0.23068921808116322,0.4055783868655919,0.3637323950532448,0.3952443995385153
0.43981118764115956,0.03978349198056268,0.5204053203782777,0.1280998763424863
0.40227280029692697,0.4171788587183732,0.1805483409846999,1.5728583348672427
0.43672457514004587,0.44811373704274676,0.1151616878172075,1.4502158087165873
0.07606637806073935,0.11431251988158089,0.8096211020576797,0.13302907290556762
0.050824642607993346,0.4190728217528639,0.5301025356391428,0.5176694832937278
0.294550494519137,0.5908873103462365,0.11456219513462643,1.5857774221000822
0.3433702845652704,0.6042373099039512,0.05239240553077841,1.9769291053885072
0.758391816220072,0.14848052789519228,0.0931276558847358,0.09324989772240058
0.050262046729010385,0.1406751557353578,0.8090627975356318,0.15047495412837117
0.6244090241566705,0.18231687503212313,0.19327410081120638,0.26068565163498236
0.48856737219078544,0.4787091304961053,0.03272349731310927,0.9381182631856982
0.03986929374207786,0.5011811623811554,0.4589495438767666,0.4968671557449664
0.36719604874139217,0.4808648603791444,0.15193909087946345,1.689723691684942
0.3762093725889859,0.3552885656450697,0.2685020617659443,0.6647190763673353
0.809675780254726,0.13727007782627437,0.05305414191899973,0.10324524099082119
0.3371708071953232,0.5739678238920863,0.08886136891259055,1.9677829651092882
0.9012424854676112,0.04507716942400303,0.053680345108385735,2.2290950178350393
0.462108243259826,0.47738032288798216,0.0605114338521917,1.23820076827735
0.12001927303361437,0.8231478107184701,0.056832916247915546,2.487456783226205
0.45732758899860293,0.38021466026017936,0.16245775074121765,0.7802358429375513
0.27043990727937195,0.33215377288179126,0.3974063198388368,0.37432133107930976
0.45365049874539787,0.0644281515901845,0.48192134966441763,0.10074953495692511
0.39838845577217535,0.21390511827486097,0.38770642595296356,0.19152085182525272
0.5805823719974564,0.04115260403382107,0.3782650239687224,0.06677075862494405
0.30005908617233806,0.3418017741175202,0.3581391397101417,0.15474642870653987
0.19836338281236332,0.3716960749600607,0.429940542227576,0.6044150138304996
0.47555277764665194,0.1147620637103999,0.40968515864294813,0.0911011637957339
0.31817468849124164,0.362191020347372,0.3196342911613865,0.32203793336603787
0.2636462858283593,0.30060872775811187,0.43574498641352877,0.4470042878794342
0.07560124635372739,0.5892052954835747,0.33519345816269797,1.967402083370171
0.316092301553605,0.30611883500626547,0.3777888634401296,0.37640827790144993
0.7932443247544576,0.04308827939735984,0.16366739584818238,2.0020688345785476
0.6682735992901659,0.2510958094156936,0.08063059129414044,0.9562608662966912
0.30399366145966855,0.2347993394097116,0.4612069991306198,0.32487873755967606
0.01201247860642202,0.34334067785957595,0.644646843534002,0.17591386455290403
0.7892091357225396,0.16467762365561484,0.04611324062184552,0.255511625848406
0.8344932123853832,0.06785873343372135,0.09764805418089538,2.4544044211435323
0.07528466659439677,0.2162071407231485,0.7085081926824548,0.1361039547278685
0.07801886486308753,0.8372237840273691,0.08475735110954333,3.569160594735501
0.017752400114947168,0.7219011680226995,0.2603464318623533,2.2237740280956104
0.30868831753191794,0.15903780339574092,0.5322738790723411,0.12317879176170819
0.07341689560581655,0.05831407900299389,0.8682690253911896,0.1507726926189406
0.17381330140439713,0.28810137718095946,0.5380853214146433,0.22912701455837564
0.11376141148595807,0.03651056729685863,0.8497280212171834,0.11680986013252938
0.32717243021454623,0.3132920769818803,0.3595354928035735,0.3159805736398885
0.42107958966304765,0.006863573663435576,0.5720568366735169,0.04513260200757647
0.5232739784061232,0.12863418341003738,0.3480918381838393,0.1258933167482138
0.2710821688633202,0.4198712303301336,0.30904660080654617,0.6511021997774419
0.3924946046367482,0.4747885889136935,0.13271680644955824,2.0650243026307584
0.5717423747675673,0.2815767775188237,0.14668084771360898,0.36088159118789104
0.33435377635594615,0.17793360665602215,0.4877126169880317,0.17952673692511173
0.4355895992483277,0.3105591918192115,0.2538512089324609,0.45608716486446377
0.24179965567290057,0.3588812239230485,0.39931912040405093,0.38216879359169487
0.18173738398050954,0.41777135272466376,0.40049126329482676,0.4330834053254785
0.10506144785020312,0.6579102747145399,0.23702827743525687,1.4528540511895172
0.1176205523847688,0.5775502987283913,0.30482914888684004,0.8963094549562446
0.28279605226988164,0.5656889063490056,0.1515150413811126,1.9283742345043569
0.36946499980406383,0.3463506625657638,0.28418433763017237,0.3434397794645038
0.6042443558918592,0.08508824027852929,0.31066740382961144,0.04211497727724069
0.13096993743258892,0.35481674860158613,0.5142133139658249,0.24853805969310938
0.11620941504210494,0.39253591973143526,0.49125466522645983,0.21625065667615462
0.0012253976247956866,0.9022131592952649,0.09656144307993939,1.7981508759804194
0.05305547472408644,0.05679222517729186,0.8901523000986217,0.15771807950727967
0.5963846852346365,0.19289245290593204,0.21072286185943157,0.16672697515869692
0.05014097013703611,0.8674782562025929,0.08238077366037112,1.9276975310588258
0.8344447973594895,0.02378049191164816,0.14177471072886247,2.395470357731964
0.7148822782722444,0.2185901779033004,0.06652754382445521,0.3785188997786675
0.24263548397315118,0.36635131512321817,0.3910132009036306,0.31763446058350564
0.13334897446813992,0.625346872850417,0.24130415268144315,1.7939674264534435
0.8837823555643838,0.10962639912975325,0.006591245305862928,2.568906666306831
0.6132424989077192,0.23560103008794506,0.15115647100433574,0.2932036932917491
0.23503482458176694,0.25666293028950715,0.5083022451287258,0.18954950661810274
0.30938549332862186,0.646485826182066,0.04412868048931213,1.77662230936283
0.09874072872934164,0.4505939482390546,0.4506653230316038,0.5427871768913316
0.03086304471764495,0.4683687501718976,0.5007682051104574,0.34125013105107077
0.4992681708023379,0.2541796066944935,0.24655222250316863,0.1558585638943504
0.006609376493480042,0.8371559559689925,0.15623466753752746,1.0510300371945644
0.5180950505086446,0.39528574296141167,0.0866192065299438,2.2180292320297554
0.3724770698241869,0.4421190167939694,0.18540391338184362,1.0467084025789257
0.44684857530226735,0.4369375765572819,0.11621384814045069,1.442456356253428
0.14924745217592494,0.1744424072803129,0.676310140543762,0.08074655604698538
0.07818167644856265,0.006131011998621189,0.9156873115528162,0.03730376491168345
0.38134802276335394,0.4811819099025501,0.13747006733409595,1.3527265526135726
0.23040769622285273,0.08730210429924465,0.6822901994779026,0.1700604771799021
0.17799419829931,0.27636409134351314,0.5456417103571768,0.17558212598400091
0.5136879028204098,0.2521002130385412,0.23421188414104901,0.3057758129743795
0.20861185773886465,0.47892320893017243,0.312464933330963,0.9105355942252734
0.07267004919446157,0.10101844554593341,0.8263115052596051,0.20825042507967528
0.3364551552197648,0.09698379272350693,0.5665610520567282,0.1438861208282872
0.5608016638285884,0.03945567494740164,0.3997426612240101,0.08184145479044722
0.5619981570825827,0.034336441536428945,0.40366540138098833,0.07840540614730049
0.08838234000784703,0.4248268086309338,0.48679085136121913,0.4974317960138256
0.6736397807504393,0.04046289037058724,0.28589732887897334,1.0138384574588484
0.03295628426217103,0.7056960435156351,0.2613476722221939,2.624297829991821
0.20024851720975134,0.2826165258878936,0.5171349569023551,0.21810598689037658
0.24224668299823396,0.07157783302786255,0.6861754839739036,0.1301249070546398
0.3576253874093537,0.26096698111367655,0.38140763147696977,0.22870655140946788
0.06223321866140501,0.16416571945091496,0.77360106188768,0.18918436782677422
0.008273093927479517,0.04004932736428552,0.9516775787082349,0.07906222661206092
0.07694690874178418,0.8094815538335626,0.1135715374246532,4.01522405939209
0.937993545227404,0.04059536624190122,0.021411088530694705,2.303716133728049
0.5883722820154403,0.3112915836189861,0.10033613436557348,0.4416283891626239
0.3988224094685315,0.2338288093119706,0.36734878121949793,0.24321943922958256
0.5364706060779207,0.018563307589567975,0.4449660863325114,0.07436887313303263
0.5839805942401175,0.04933344934703687,0.36668595641284557,0.07942156439249778
0.16230175957207243,0.3032657654182345,0.534432475009693,0.18239131445063486
0.014418894751747674,0.06803516641944385,0.9175459388288085,0.10957387852651677
0.23367476526833209,0.3269622544048996,0.4393629803267683,0.3489613323165378
0.37877361924634884,0.42121716803973397,0.20000921271391728,0.7826046724836728
0.40143325483291653,0.07555937122958331,0.5230073739375003,0.11780092721669597
0.3022855927789803,0.059404101284680634,0.638310305936339,0.05571340511180882
0.28020199235977145,0.23655262759233653,0.48324538004789197,0.1591367296812259
0.03880284596671985,0.21850074120880425,0.742696412824476,0.19720803578317989
0.05947429621508823,0.13110029685449615,0.8094254069304156,0.16404959742020062
0.2522280439735698,0.3619493021043022,0.38582265392212806,0.23995149434358706
0.0,0.0,1.0,0.015571625156904332
0.13635745820720832,0.08775515466516529,0.7758873871276265,0.08243859758040264
0.6966902822324997,0.24092299009671833,0.06238672767078185,0.5487852862567312
0.3948922965368776,0.005524363875968685,0.5995833395871537,0.050436902749285674
0.1895191873336733,0.21489651518100866,0.5955842974853182,0.10820830427507228
0.052142744764815306,0.4062471941036141,0.5416100611315706,0.6064483948126748
0.013305893534861713,0.6260982065007659,0.36059589996437247,1.1399802122308238
0.30881938661189867,0.6548951025011889,0.03628551088691244,1.53366443530829
0.18292256718074199,0.4233217082426232,0.3937557245766347,0.5838323078217013
0.551995041389581,0.4078254910373422,0.04017946757307665,0.8384303713270977
0.1898240567222517,0.42419230222203924,0.38598364105570904,0.42066261928900917
0.2746527142562137,0.6455827583810893,0.07976452736269699,2.332478348420574
0.36065417296918995,0.3658588992495825,0.2734869277812275,0.6031964338552388
0.5938083737705332,0.12780437537717135,0.27838725085229543,0.09799272171461011
0.3674931726069405,0.3552217535114841,0.27728507388157536,0.5305190331007573
0.09513707244203588,0.10468638811972134,0.8001765394382427,0.11655835207916775
0.07276272158364065,0.4038089552767194,0.52342832313964,0.4453710134169962
0.19489768782664574,0.2555701571423661,0.5495321550309882,0.15859031373041604
0.06827561345825882,0.6044062974185516,0.3273180891231896,2.016584235843772
0.606969055159496,0.2756718761165994,0.11735906872390459,0.3027220483245764
0.6934132682191331,0.16451102695673758,0.1420757048241294,0.1250154658060697
0.48458498526299354,0.3600442189981759,0.15537079573883059,0.9873524746683501
0.0773479533576555,0.26874276867181435,0.6539092779705302,0.20871597641723616
0.17504158305510586,0.4270955178385694,0.3978628991063247,0.6380269673838432
0.30608244431901577,0.27256717647344897,0.4213503792075353,0.12720047690285435
1.0,0.0,0.0,1.0604083868466194
0.5843743854155767,0.14929937129282445,0.26632624329159876,0.2076699947555788
0.1736037132667422,0.4144794806487819,0.41191680608447595,0.29471408651129005
0.3046061648450389,0.673366941924717,0.02202689323024411,2.4830703477915064
0.1592240409723452,0.1316518214144897,0.7091241376131651,0.10216342760034987
0.38342241213533146,0.4222827779257267,0.1942948099389419,0.377516831521189
0.26059505912539505,0.4653485734013655,0.27405636747323947,0.9432105709097302
0.018614715036902214,0.9193191156874516,0.062066169275646066,2.2363674103154145
0.5416787035475852,0.1949923629028764,0.26332893354953846,0.21590521292614026
0.10566501155286986,0.015073329126052843,0.8792616593210774,0.054011231391407254
0.05242178446197613,0.2833059582530147,0.6642722572850092,0.1852011061277175
0.5923823905749177,0.22446891006102787,0.1831486993640543,0.17578410911482698
0.199249974492815,0.48141274191569056,0.3193372835914945,0.7273716945954996
0.5296141026255535,0.04193138638791432,0.42845451098653214,0.0979212087118378
0.1507412024933635,0.7343426246222667,0.11491617288436962,2.1034152200614127
0.7263611465898608,0.04831241487924104,0.22532643853089812,1.0390471977063926
0.5122244553387757,0.1498125988489303,0.3379629458122941,0.10496519265597358
0.04748066761241393,0.8221933814414532,0.13032595094613308,2.759337437688636
0.8743821862725282,0.07477271808005004,0.05084509564742164,2.788071489190485
0.6166047320965548,0.2811228518326255,0.10227241607081974,0.4515820874861141
0.07648477035131376,0.46880215521417784,0.4547130744345085,0.6442697036239483
0.8208973926927277,0.045988519764778274,0.13311408754249404,2.1622107290499417
0.027156772690235916,0.44541932958247626,0.5274238977272878,0.23345245692842517
0.04548362787169905,0.574665229845269,0.3798511422830319,0.7306461066253795
0.7313709515234492,0.11847816525429385,0.15015088322225695,0.07836475389289425
0.15582036875274383,0.793048634051618,0.05113099719563832,4.513874728680456
0.1947292256809507,0.16490146632952132,0.6403693079895281,0.08700365441595624
0.5725586181818033,0.07766679256302485,0.34977458925517174,0.09603834100948767
0.3042499484083742,0.23623236890767188,0.45951768268395393,0.23175918645333055
0.6458522904337993,0.33980586552476005,0.014341844041440736,0.6904219127417157
0.31091393591149413,0.27658194107015527,0.41250412301835065,0.1899503870954605
0.49034220902429626,0.17965772011072345,0.3300000708649802,0.1726822703938839
0.11209013078184364,0.13486013429124905,0.7530497349269073,0.1956774173354155
0.3135475082229442,0.4109019221558553,0.27555056962120045,0.6897177336959356
0.8309497786153325,0.15384965538320974,0.015200566001457737,0.06375968754367348
0.12276286503369246,0.2765112163037113,0.6007259186625963,0.3190809563687993
0.5229511084999838,0.07547003081963946,0.4015788606803767,0.18614215620001012
0.524042604205793,0.02438708735457075,0.4515703084396363,0.05829147187632704
0.19426147257226695,0.44550710583387215,0.36023142159386096,0.5331420038567272
0.1363831068823245,0.621368608587154,0.24224828453052155,1.2057281028121105
0.22171380165726975,0.24545175899902583,0.5328344393437043,0.2395661929675848
0.8420866348293956,0.015887834599695453,0.14202553057090894,0.7612149181177541
0.2993017631851798,0.34993611010547243,0.35076212670934775,0.40899260382731845
0.1257790184644076,0.06960641717277831,0.8046145643628141,0.1557168704548469
0.13771688897714002,0.6597437135314741,0.20253939749138586,2.383531224367972
0.15461444813931896,0.5037940032052591,0.34159154865542196,0.9385513521990912
0.058756002649023586,0.8929094762051483,0.0483345211458282,3.235729437576309
0.04634476337972595,0.8077394947280985,0.14591574189217557,3.340966780009747
0.5877994033958305,0.09700745663693393,0.31519313996723547,0.09293730741708649
0.3004631099034845,0.35185129272979887,0.3476855973667165,0.18392857651596342
0.7320192486284826,0.10712784915322965,0.16085290221828785,0.07404385282391927
0.4550309554205616,0.5375797270880408,0.007389317491397603,1.369476760199098
0.14667155235276072,0.580518039526759,0.27281040812048046,2.182203273344629
0.29283100237914833,0.6098095921546375,0.09735940546621412,1.010336835286985
0.6759484849552224,0.2833374142170219,0.04071410082775568,1.3742189528667441
0.04471919040041722,0.5333788391005194,0.4219019704990633,0.5537684133124612
0.2313988250938484,0.521951048176365,0.24665012672978673,0.9805773409030227
0.269740396841228,0.014287310493591611,0.7159722926651803,0.049475373915744816
0.5222837656251132,0.25310505350308926,0.22461118087179746,0.2678699138626853
0.2949190342492506,0.09999944421244071,0.6050815215383086,0.19230004225275182
0.1862678965978748,0.8056153421851399,0.008116761216985267,2.8448826212644427
0.25906738053082246,0.563081295008324,0.17785132446085353,1.4787398379402232
0.913624282031092,0.013433941718042833,0.0729417762508652,1.1345074143531089
0.7140750344071772,0.1961086101195081,0.08981635547331482,0.12999271682002844
0.7091953244320468,0.1177681477668078,0.17303652780114537,0.04482231699904539
0.23091254471488823,0.07447426231124275,0.6946131929738691,0.16619673005041719
0.11504598859521105,0.7887131531906623,0.09624085821412663,2.5360348673972504
0.4175805114600996,0.3560510222041016,0.2263684663357987,0.7162762100128098
0.32596968326963865,0.2577037407232204,0.41632657600714096,0.1926359886580025
0.3275242079719736,0.2762633158787928,0.39621247614923355,0.25139885074599855
0.010225509427788042,0.13073811274480934,0.8590363778274026,0.10509851442805584
0.007522686328728644,0.04183253395301312,0.9506447797182581,0.042454098274093605
0.6708591575304658,0.285852014863784,0.0432888276057502,1.1665082391912787
0.3309490205406736,0.10948381028003872,0.5595671691792877,0.10516941550743135
0.17776796524975574,0.756658959223543,0.06557307552670132,3.674631176675626
0.15524167009914272,0.09564382925420067,0.7491145006466567,0.105182176942328
0.33432282572359606,0.4611090794096139,0.20456809486678998,1.1256763803391479
0.12620555339016534,0.6611155290898313,0.21267891752000354,1.3035407358119626
0.6970492444025007,0.06901530807053442,0.23393544752696488,0.429647906452818
0.7939779026865199,0.09528466339302451,0.11073743392045561,0.8468643308821955
0.6958753562467694,0.16582115477006454,0.13830348898316602,0.1611505641896346
0.4151869352717922,0.07846756146641586,0.5063455032617921,0.12714110302726397
0.0011550778289898566,0.479588971680902,0.5192559504901082,0.34985569087227025
0.07853938058893231,0.5066954048312655,0.41476521457980225,0.5544722011675004
0.945470616663796,0.010663854478605033,0.04386552885759893,1.414516759848699
0.34028477797468376,0.2616952752438562,0.3980199467814601,0.15843595261315813
0.23243542512496215,0.543070222395471,0.22449435247956703,1.557268486921944
0.4947162777296672,0.31720115302990415,0.18808256924042857,0.6946467052226851
0.05022900389059221,0.8994044452498158,0.05036655085959208,2.3962227219659913
0.09718974342875478,0.4169940350302472,0.48581622154099796,0.5278279152280448
0.026793209859666177,0.5187002401657239,0.4545065499746099,0.5843829662810436
0.7812907219427975,0.12802833338140904,0.09068094467579339,0.14846937050294873
0.02984725108688551,0.8685564131276219,0.10159633578549264,2.3028411678606155
0.031093082931491704,0.8779603213486429,0.09094659571986544,2.251463682757528
0.09706926565520739,0.4970568167259547,0.40587391761883795,0.9332874914340343
0.22184282923957035,0.7391498833795475,0.03900728738088214,2.244794083558054
0.006172652300209242,0.4023793596410365,0.5914479880587542,0.13039751435378727
0.17884920990789158,0.6194976750830661,0.20165311500904234,1.7895959151510383
0.27858320497548006,0.09943440624866424,0.6219823887758557,0.09709009192167939
0.4053588279751951,0.5559037175096555,0.03873745451514952,1.1305774233822847
0.0789058627815341,0.4630513488969937,0.4580427883214722,0.9610494176943137
0.12878422674474257,0.23042952041293746,0.6407862528423199,0.14361091596535752
0.6194209977589413,0.08564386674268261,0.29493513549837613,0.15218407783360063
0.859722617210408,0.12788410869487976,0.012393274094712112,0.8808182778585314
0.21390696225999842,0.46589201309946193,0.3202010246405396,1.5245184933577902
0.0833780187042313,0.12985933205815448,0.7867626492376143,0.11993132746784055
0.2615364168455028,0.3054505605365957,0.43301302261790153,0.19706309936190222
0.3329405441073185,0.2371067738557196,0.4299526820369618,0.22870326142375358
0.4059955812767315,0.2919597349808805,0.30204468374238796,0.27222600816492554
0.08383947332767729,0.5508366593532169,0.36532386731910577,0.9113198904176407
0.6583272995636739,0.22734420625245894,0.11432849418386713,0.4307772711767427
0.16300529003718184,0.7551098342805408,0.0818848756822774,3.0247892985489533
0.27086561256971026,0.10235625193617826,0.6267781354941114,0.058862532804101045
0.21395531842792898,0.026219895757770166,0.7598247858143009,0.10771058846343848
0.7920052541885527,0.07850913253706908,0.12948561327437813,1.4621966869474838
0.1346466849279396,0.005656920807904104,0.8596963942641562,0.05844172814453345
0.620631916577362,0.16358303440336,0.21578504901927797,0.13573564374240213
0.2629739645229136,0.4111197269383156,0.3259063085387708,0.5566278254799242
0.046075362795585884,0.3659082519855715,0.5880163852188426,0.2733124972611188
0.05682990043267443,0.8574181303167165,0.08575196925060903,3.5618033739891275
0.15957726095855268,0.4018754335719165,0.43854730546953086,0.5784042689434259
0.48852346553024667,0.12232856053122619,0.3891479739385271,0.16778940898243738
0.4388588379662765,0.008651195864775144,0.5524899661689485,0.052226066784600074
0.006853890381251344,0.045802057866434376,0.9473440517523142,0.07452468144640635
0.6460713181152502,0.006595729525098045,0.3473329523596519,0.9650302585515936
0.3735827909253335,0.36133189037871555,0.26508531869595103,0.5608611402139458
0.3568811614533699,0.17359309024962763,0.4695257482970026,0.107443025575219
0.4617858096535706,0.15724714390857525,0.38096704643785423,0.24331999298667217
0.5954454766595899,0.012834263803593836,0.3917202595368162,0.06305161224017033
0.5615217398909447,0.10741680751888906,0.3310614525901663,0.1361679911359348
0.2999690788543014,0.40015506491563285,0.2998758562300657,0.27043580338440487
0.09216548574599534,0.3171105269152001,0.5907239873388047,0.18474455821570443
0.25611872335813696,0.4949278963325245,0.2489533803093385,1.13521599548108
0.2358367254690837,0.7490421201613712,0.015121154369545189,2.045887240194804
0.17134091434177798,0.3839550066217755,0.44470407903644654,0.42894505793637777
0.39929250043705206,0.030526352515848204,0.5701811470470998,0.1513963511855813
0.22575653514647634,0.5096548733528763,0.2645885915006474,1.0423200549747653
0.4620117851637069,0.14972796454191015,0.38826025029438294,0.08437999995870936
0.6245546499696015,0.32061223308843434,0.05483311694196417,0.8493321247378371
0.2264865861566067,0.7059961542659732,0.06751725957742016,2.2496916835916783
0.7243914770483376,0.03580874563587296,0.23979977731578941,0.7000732429105182
0.4372890234755382,0.31529798999459946,0.2474129865298624,0.17859110030888986
0.33081892688898007,0.6337447622482504,0.03543631086276959,2.0236250202385735
0.4234153718152097,0.5756676830433853,0.0009169451414050257,1.6796494922351064
0.27715525547812647,0.23402266027467822,0.4888220842471953,0.18946230931264096
0.8382316195018575,0.14358899729505126,0.01817938320309102,0.15924429708245194
0.47236809310535816,0.32893299095357115,0.19869891594107075,0.7056097719417824
0.5928923897685667,0.1481629036219042,0.258944706609529,0.10922673863885425
0.7232676560526574,0.0712528340369061,0.20547950991043645,0.056697404640665174
0.09309205878435774,0.5577407737192792,0.349167167496363,1.5817065495187677
0.4051835761332922,0.568946982793966,0.025869441072741816,2.094666533006639
0.3518991313181027,0.39589422521167467,0.2522066434702227,0.8058733315190583
0.6199575855051567,0.12255947497639012,0.2574829395184532,0.17075118630878552
0.06495210081655972,0.21974960807195654,0.7152982911114838,0.0908756432843228
0.3176280882918439,0.5191449058090067,0.16322700589914932,2.457387949658694
0.04889367522422058,0.5103498497269486,0.44075647504883075,0.419317330382385
0.4656683702179441,0.18734757838116797,0.3469840514008879,0.23025070640837997
0.3516292005370178,0.184250717088773,0.4641200823742093,0.24510876463895254
0.22962812327604934,0.4285154628019208,0.34185641392202987,0.2768948224154704
0.2568957583971395,0.16488137129632793,0.5782228703065326,0.21121757597022828
0.05094531352057247,0.6529108943836527,0.2961437920957749,2.543735910533098
0.5772097081823676,0.33076922342873116,0.09202106838890123,1.9056748479584793
0.45289733837606544,0.05438436558775899,0.4927182960361755,0.08654687985709154
0.6319202444478005,0.15382781947737426,0.21425193607482526,0.19614060241156916
0.48305352667751167,0.06529764590572772,0.4516488274167606,0.1464009736207512
0.16725603156760188,0.3083451254163016,0.5243988430160966,0.16649787901368535
0.1665335636224271,0.4436086888891165,0.3898577474884564,0.34941193516061503
0.7165803781980137,0.06234568725445396,0.2210739345475324,0.1054229911791972
0.6459594425471948,0.15594339936794638,0.19809715808485878,0.22191555041992078
0.19628635885068832,0.1433080294733003,0.6604056116760114,0.09241610001676666
0.11222051640259441,0.4755134409327973,0.4122660426646083,0.443314159411248
0.08642843561503356,0.18586995873283924,0.7277016056521273,0.17135743217139018
0.4273761006714577,0.4180059052948511,0.15461799403369123,0.8444105248522996
0.29584220646390735,0.17746261076483,0.5266951827712626,0.27120290061000585
0.6731474443386496,0.236939658507458,0.0899128971538925,0.5024490845587003
0.6099433165348348,0.03012316155739189,0.35993352190777317,0.3869537872505321
0.08830354087827982,0.8662340001219359,0.045462458999784246,2.1867653333926653
0.1913857584842013,0.3184105947687547,0.490203646747044,0.16026390695493384
0.10220117789833437,0.37307681987939545,0.5247220022222702,0.3281333455727374
0.027508935014402696,0.7413667368614173,0.2311243281241799,2.128956462511627
0.08759719045441063,0.49575536208234594,0.41664744746324345,0.7578325937798223
0.6696719295542122,0.07460076570052947,0.25572730474525834,0.09418083792329941
0.06747497150529502,0.6603440771077916,0.27218095138691345,1.501667293050118
0.026897852043965796,0.49685741103152464,0.47624473692450947,0.32340201801189883
0.5,0.0,0.5,0.07274778751106925
0.7593865998768435,0.20236539297498668,0.03824800714816977,0.3634722357471571
0.496765327410561,0.417562315927315,0.08567235666212397,2.387583989255543
0.35043310016312745,0.5889358566634275,0.06063104317344503,1.9406913193974717
0.6125750103144655,0.21873506592017875,0.16868992376535577,0.37998937705691166
0.6033954778741395,0.10152837090116944,0.29507615122469105,0.1571019332695966
0.43724471812460974,0.28543408193743586,0.27732119993795445,0.1921456774360039
0.3042539354781363,0.572989803847407,0.12275626067445655,1.1638205669683153
0.14770785280511178,0.3356450160858036,0.5166471311090847,0.2987775476998304
0.2069781769542664,0.6683988683968576,0.1246229546488761,2.3080448840713874
0.25372273902480974,0.6592458909793342,0.08703136999585608,1.7659512454463433
0.09794798807164179,0.7891287153115957,0.1129232966167626,2.3177196643144526
0.0554371984164818,0.8776007893532751,0.06696201223024303,3.460671519705246
0.46942676751712065,0.05792590375930014,0.4726473287235791,0.15090802463595612
0.2392977827125729,0.5954144846598683,0.16528773262755875,2.352134679813754
0.010508637498895555,0.5628886062787123,0.4266027562223922,0.9460463063010265
0.7341186477712127,0.222782167374857,0.04309918485393033,0.5758492785491988
0.44848070142401014,0.35880921736540144,0.19271008121058836,1.0076175822586277
0.6565708286494901,0.05934304647829438,0.28408612487221546,0.05818017191052159
0.7053385349594894,0.27390757561703605,0.02075388942347453,1.1888202616341763
0.49782699353626586,0.3050754125271261,0.19709759393660803,0.3935800199084683
0.6944496843657124,0.18247495176166312,0.12307536387262455,0.09638683858566054
0.16022106349224008,0.5040001003961975,0.33577883611156234,0.4635952128201971
0.08289088259965746,0.29819714649376694,0.6189119709065757,0.28084558216968875
0.5463160781588056,0.11371902281208593,0.3399648990291084,0.16470635953336937
0.37874109907782133,0.5001803056226889,0.12107859529948983,1.6434425623484055
0.503608910572529,0.40996428351819725,0.08642680590927382,1.3677331688821925
0.11979624479021103,0.17708235213795964,0.7031214030718292,0.21570833377759074
0.16958050559387883,0.46130398217301943,0.3691155122331017,0.7940159077019495
0.22279861576528223,0.4732501515974812,0.30395123263723656,0.622158328603678
0.4495885761574864,0.14068090126831836,0.4097305225741954,0.19767310428366205
0.3102822697221396,0.6264254595661752,0.06329227071168521,1.1684593766071651
0.8311870634638935,0.04656358797107802,0.1222493485650285,2.9688565889689644
0.6039082287450412,0.2854823784544482,0.11060939280051049,0.407773063755493
0.3712222103337846,0.2591473377488133,0.3696304519174022,0.27507806636147625
0.0337797224365422,0.14533124006342146,0.8208890375000363,0.2244544268758394
0.3361647088022525,0.5163264383036987,0.14750885289404883,1.8092397996382306
0.011548365199531065,0.4255526008560449,0.562899033944424,0.24049026362136955
0.4914511866957652,0.3235940819633027,0.18495473134093218,0.6623326041064624
0.11953390577886247,0.1999492383205599,0.6805168559005776,0.20332312714460876
0.10798853704267136,0.5780805893830089,0.3139308735743197,2.300773856004569
0.38395474654568973,0.4562885315140191,0.1597567219402911,2.6151483915055325
0.2659290983355536,0.6674052741142057,0.06666562755024077,2.3625422297327896
0.7943852713417727,0.06740965591215364,0.13820507274607371,1.1642961821023898
0.19011025258625833,0.04512498292030353,0.7647647644934382,0.14495129278615174
0.7921742217841082,0.0962067521962189,0.11161902601967291,0.5030382137831612
0.5261107869438826,0.04315826137821665,0.43073095167790065,0.07764199022241518
0.06267860589019503,0.5561896862254343,0.3811317078843706,1.0008747606959323
0.827083191278375,0.08901268663836506,0.08390412208325984,1.2543927273570692
0.12673799897606067,0.3159653857210281,0.5572966153029112,0.2389564969259144
0.18766655741703206,0.25932309810812376,0.5530103444748442,0.1689974512968549
0.24651242010490684,0.0038411207209156743,0.7496464591741776,0.05551506220419332
0.3209548025133295,0.44875709154601934,0.2302881059406512,1.0937424633286292
0.019338356508067544,0.4122572258578824,0.56840441763405,0.3085160555326035
0.14217071410587392,0.6920811313948747,0.16574815449925134,0.9765569363775656
0.7132865507792243,0.15286916052060728,0.13384428870016837,0.1916586787886361
0.5960225640904719,0.12439558810232246,0.2795818478072056,0.10048630614219106
0.5105555412695786,0.3353624997743677,0.15408195895605356,0.8225409163852501
0.3985917079180366,0.2236236592098494,0.377784632872114,0.16364659306687468
0.3729742460426329,0.1487571576755919,0.4782685962817752,0.1271158004793032
0.35459740394189687,0.1848473475661211,0.4605552484919821,0.12429474353535708
0.12680799192956577,0.3711787054936037,0.5020133025768305,0.1781185140382836
0.33928713710617825,0.633688362958331,0.02702449993549087,1.4692190464956338
0.06316238053138093,0.010944382356494649,0.9258932371121245,0.06969162377254093
0.6792253767859282,0.12104556253828803,0.1997290606757838,0.14097790398296509
0.8065720627272195,0.07834594967973352,0.11508198759304714,1.3208876839533223
0.03282684125933757,0.1239781564301966,0.8431950023104657,0.19131530678597589
0.2011032373631711,0.7956486449550171,0.0032481176818117694,2.5121469627637665
0.035460095664796194,0.26527880202610227,0.6992611023091015,0.32978546748355037
0.01754462211521698,0.7711487190499932,0.21130665883478986,2.434936373192607
0.3173878732120118,0.37749471311378535,0.30511741367420275,0.30830183051009946
0.38775376376487186,0.3545538884573375,0.2576923477777906,0.44846720777424676
0.606476697826781,0.367890353834219,0.02563294833900003,2.2229167512052856
0.5831454000768748,0.10538768599727455,0.31146691392585063,0.1636701987632544
0.6680538277778924,0.27315107353150186,0.05879509869060571,0.7613470060022839
0.14132623073384384,0.7586643219285182,0.10000944733763784,2.9207001823457466
0.009743246810017833,0.1569914012668417,0.8332653519231404,0.09422962424785822
0.004087679274581258,0.33264460326530043,0.6632677174601184,0.14271886951033502
0.578987025259973,0.20384700037017436,0.21716597436985255,0.14971931324155052
0.23371343763102487,0.5828213106462667,0.1834652517227084,2.0734617530728583
0.406783612100672,0.5535604176612583,0.03965597023806976,2.3048125588110544
0.346224306014266,0.6187951058404224,0.0349805881453116,1.7024770871201862
0.20290144468076768,0.43646754328341136,0.3606310120358209,0.5854264112412557
0.14175182572712539,0.1610871874298322,0.6971609868430424,0.148204783598669
0.2766833444735554,0.1774437469849206,0.545872908541524,0.14015953864285774
0.3022171963841748,0.2450914546466762,0.4526913489691491,0.1311886159615282
0.18648486769635314,0.3320998056980786,0.48141532660556824,0.25549117506085023
0.02711842568029532,0.7888272322352032,0.1840543420845014,4.007173701525593
0.43143558213253813,0.4033738340768002,0.16519058379066168,1.2792820575169366
0.34127988996768954,0.3045156410225163,0.3542044690097941,0.1966694856977734
0.03321952203439092,0.6625846709995478,0.3041958069660613,2.353296754250054
0.17060718842224543,0.20004134014407077,0.6293514714336838,0.267084570420911
0.33509682240923644,0.35642604446671916,0.3084771331240444,0.3417562848110869
0.8074584396068949,0.19090573907338262,0.0016358213197225984,0.35357481835114657
0.7427788455101807,0.1055994624149531,0.15162169207486617,0.12241605014132803
0.2064510571856562,0.07049714992667504,0.7230517928876687,0.11684361604099194
0.40960236090159685,0.49736608391560766,0.0930315551827954,2.0373258221238935
0.026143286712699103,0.30276409052739545,0.6710926227599054,0.14529995718254266
0.31449949045285,0.22442875219061592,0.4610717573565341,0.21048128129251084
0.6337491551365603,0.21893512279151175,0.14731572207192786,0.11157101728655089
0.37838989789957495,0.14686427505963023,0.47474582704079477,0.17942019731929237
0.6020083983670562,0.03443089432124224,0.3635607073117014,0.06516909614092663
0.1540490465941297,0.241325310816705,0.6046256425891652,0.18066542239598368
0.5245742112264881,0.08628865519894582,0.3891371335745661,0.20460779128452844
0.517023891176377,0.041410979424956196,0.44156512939866677,0.08739897295915569
0.028329602733034635,0.74107272935894,0.23059766790802536,1.4483416204536215
0.1284658669391928,0.47365311973942825,0.39788101332137893,0.884202099241604
0.7075400332292208,0.09242801895796832,0.20003194781281083,0.1943371560539515
0.038408009761979785,0.7232181859062016,0.23837380433181865,1.5226293895543708
0.5405381955903507,0.3525311853688145,0.10693061904083484,0.9207452308741887
0.23101710271729634,0.3253506469953362,0.4436322502873674,0.31846951927580336
0.051295021805684474,0.9390277654758247,0.009677212718490829,2.552196820565089
0.4996264888843692,0.004607780846086422,0.4957657302695443,0.041526322481623135
0.09705436773229931,0.8715053647595545,0.03144026750814598,4.225453045853378
0.15657900252437465,0.05590350807624692,0.7875174893993784,0.11885632853620177
0.8755955024508327,0.08424386181756452,0.04016063573160284,2.659639775183712
0.29600856627794525,0.40219125017701157,0.3018001835450431,0.7023196816571674
0.32608622889057637,0.43214594218858465,0.24176782892083898,0.6001542315985121
0.4529342620049441,0.057912841548482245,0.48915289644657367,0.16644713694523083
0.09599013218130045,0.5722028028170493,0.3318070650016503,1.5948354715417397
0.5128703429067349,0.10817290627752638,0.3789567508157387,0.07819057140559217
0.32363857232821874,0.21657039473869347,0.45979103293308776,0.32656400128979407
0.3518992309781744,0.05997987833000561,0.5881208906918199,0.09060259711429879
0.41083734132062855,0.2109923352691576,0.3781703234102138,0.31980256141419616
0.6193983739944889,0.2353845671720397,0.1452170588334713,0.37215058702853976
0.39810761707742265,0.45735182017590087,0.14454056274667634,1.007205544391857
0.05753671055136864,0.32542227119829853,0.6170410182503329,0.2377572885154706
0.5620489230613767,0.32024593590642947,0.11770514103219384,0.8824770466034861
0.3868007438398949,0.2032393803428579,0.4099598758172473,0.3137134634447472
0.0696665873878868,0.8250566037696235,0.10527680884248967,4.171007119210158
0.03077576232445141,0.09668771639024021,0.8725365212853083,0.14533986940658414
0.2724928983720865,0.14571603818009576,0.5817910634478178,0.15866961500067328
0.7740944060650656,0.1897658156059555,0.036139778328978814,0.20768038335522504
0.4479616614708202,0.3195471517318463,0.23249118679733352,0.6757632065012829
0.5114619296202426,0.25084215632306334,0.23769591405669402,0.2550295787384213
0.4034308362995113,0.30974902537110355,0.2868201383293852,0.18621471366762204
0.24544550295756865,0.6070841066428857,0.1474703903995456,2.2827929376888645
0.48967443845281583,0.46640547376838565,0.04392008777879847,1.3127324599549073
0.06744560882084057,0.7978310947989314,0.134723296380228,1.991793756115515
0.35086831796487106,0.21819279823759463,0.4309388837975344,0.14260583717380518
0.04910215962280724,0.6888930386709752,0.26200480170621754,2.8062534538927175
0.27465674206419866,0.4300855846784678,0.2952576732573336,0.8067880943803355
0.38078182265937754,0.0694423237812481,0.5497758535593744,0.13232841953187785
0.09145513512110795,0.46177057083598094,0.44677429404291114,0.3661152607867356
0.43493292855021104,0.030559914703399,0.5345071567463899,0.1583164680014264
0.48102328839982156,0.3483668224070178,0.17060988919316064,0.6487959411003974
0.3654524596266314,0.11419580607459565,0.5203517342987729,0.1883850876647142
0.13138008654780833,0.06335243184039202,0.8052674816117996,0.1609267318375355
0.23839156509678391,0.7096861100428344,0.05192232486038169,3.176626870649061
0.6049693380096037,0.17613242995016767,0.21889823204022862,0.07381172005007802
0.26094082167945115,0.588484445237053,0.15057473308349584,1.4410056988863909
0.4655878308337268,0.029224597625900156,0.5051875715403731,0.13286782544109554
0.5487670932052152,0.11984211808817878,0.33139078870660615,0.0669177832271708
0.05692433086643742,0.8094782249115918,0.13359744422197087,2.3731812761844067
0.49879155171521905,0.48332114555519395,0.017887302729587027,1.5421256288382723
0.1957371677159457,0.08251406194752153,0.7217487703365327,0.13864713627454534
0.1262556086756799,0.5474028307404621,0.3263415605838581,1.1540128761988706
0.020767938566154876,0.46704260120059066,0.5121894602332545,0.42223655825964607
0.2656309992161316,0.4046570828275707,0.3297119179562977,0.4961331572756815
0.08269072721661086,0.012681271918486859,0.9046280008649022,0.04311171982727258
0.28404507144357427,0.33953228137662694,0.3764226471797987,0.26911136421739174
0.61167564575688,0.3035987712444737,0.08472558299864619,1.3402401980657173
0.07203596163441962,0.0007843938087420557,0.9271796445568382,0.09870484121266808
0.33709089889653343,0.11251238022938197,0.5503967208740848,0.1444581535068651
0.018285851330207305,0.35843091516495945,0.6232832335048332,0.11392597458003396
0.5507329238820546,0.03956876265813806,0.40969831345980745,0.05421484872864096
0.04567948192569687,0.6603942163425438,0.29392630173175943,0.986925332084211
0.4662772477037964,0.3173299273784207,0.21639282491778283,0.4061386121158622
0.018185646591452633,0.16693874988310187,0.8148756035254455,0.12433109208957584
0.2955859573226142,0.21713659050227516,0.4872774521751106,0.23625426442471298
0.2558138470295903,0.11145708769627746,0.6327290652741322,0.062449816188479536
0.5943097762508217,0.14842010975923847,0.2572701139899398,0.23207342427589053
0.2817047353183741,0.5749520209641291,0.1433432437174968,1.3803466093165726
0.21723077468438992,0.554065820311842,0.22870340500376804,1.4845313649374245
0.4133617141632971,0.4791188757216637,0.10751941011503918,1.5977306737438712
0.4763606624046255,0.005797748979630819,0.5178415886157436,0.08394307061492196
0.852215617734861,0.10963813171253226,0.038146250552606724,1.2888395544060898
0.38328823017774655,0.4133724305656319,0.20333933925662165,0.8895986039034898
0.8523914355951845,0.005573620746171065,0.14203494365864444,0.8050709235176805
0.20595383346695437,0.722108878873593,0.07193728765945263,2.1612660202058
0.16452256507256882,0.4357437409194651,0.39973369400796616,0.48484420125191763
0.0227068066802557,0.27312992763931254,0.7041632656804317,0.13690761235632726
0.5688038058999108,0.32225133411548273,0.10894485998460653,1.5056482784631222
0.009525932911267875,0.313790856825419,0.6766832102633131,0.20964201188329257
0.5655408260154703,0.13209986756548614,0.30235930641904357,0.12767740217241758
0.614497986534174,0.19724006759254464,0.18826194587328143,0.21315930752119464
0.016581905922905253,0.8594980867866769,0.12392000729041777,3.586592279040811
0.09643503874529538,0.33907362053027007,0.5644913407244344,0.5982797347636479
0.3503179055877323,0.32965225363944317,0.32002984077282454,0.4429638580956358
0.43273631053214856,0.1015421690384056,0.46572152042944587,0.17477777173477385
0.36569901284487194,0.5224396174980258,0.11186136965710214,3.1606906528748047
0.3216846711640856,0.27451078810062407,0.4038045407352903,0.1944659420522371
0.014615995029158871,0.7462507942187779,0.23913321075206326,2.14251011277367
0.034208562319524974,0.8362404613465391,0.12955097633393609,2.933977618018263
0.13942738307848715,0.6894890325600368,0.171083584361476,2.0248745541770212
0.5211105579794577,0.14531430426119638,0.333575137759346,0.16262627070690452
0.5264830822500781,0.09651953797631432,0.37699737977360753,0.11620702209058914
0.41725297134976636,0.05626321552548149,0.5264838131247521,0.08532032290027149
0.6867771835663445,0.19315196782357685,0.12007084861007862,0.2100054413600052
0.8118584987336279,0.0259529964778853,0.16218850478848676,0.8914751933916407
0.10366892070944639,0.41748451707862494,0.4788465622119288,0.23829541330250512
0.16753042639270424,0.29943399621303146,0.5330355773942643,0.40446754763843934
0.06250189016441028,0.7300662115859599,0.20743189824962996,3.204828205087223
0.23427567400641164,0.15691087842740692,0.6088134475661814,0.20542281722551517
0.8530521890222232,0.0843617884747202,0.06258602250305664,2.578337277807395
0.2780948330008209,0.1324519314869096,0.5894532355122695,0.06715745274019866
0.2313924533853449,0.6993398623230815,0.0692676842915735,2.398040317933528
0.0851930225730379,0.03511696876283456,0.8796900086641276,0.0832750359236866
0.11134139552033001,0.39598339285175915,0.4926752116279107,0.14050848862543538
0.3354500302573815,0.49997747987508817,0.16457248986753029,2.0439137106647105
0.009806259136542714,0.1589286520470249,0.8312650888164324,0.09420760665157475
0.8373022728257121,0.04096810852441497,0.12172961864987282,2.327008538078769
0.18833527635617434,0.5324592926949091,0.2792054309489167,0.9524002325767972
0.2205114176053593,0.3235204892905471,0.4559680931040936,0.16424996244219475
0.06629927286262192,0.5856345978895856,0.34806612924779246,1.5212024325904787
0.5613160778778106,0.15431698150177853,0.2843669406204109,0.1571788521614152
0.06733332134194779,0.5414179909370516,0.3912486877210006,0.9172722409444595
0.21776492831695296,0.7493649853586468,0.03287008632440018,3.2985477135182157
0.18920058062733466,0.6167183682197058,0.19408105115295946,2.617757788856257
0.10014704056319268,0.2902043095715605,0.6096486498652469,0.18553651247348513
0.18248247242984392,0.5444431936891535,0.2730743338810027,1.8592623324774873
0.1445437492637122,0.5724882553671532,0.2829679953691347,1.6267807147342466
0.15887595378165156,0.33610183538790167,0.5050222108304467,0.1873542545765897
0.12922740652596698,0.6723929058187637,0.19837968765526937,2.165741293322113
0.14255966455246927,0.7722699962559431,0.0851703391915876,2.3075135258817716
0.8194792092606179,0.0008435622148871217,0.179677228524495,0.4692170490668858
0.3627542755560747,0.036410110651068514,0.6008356137928568,0.06988273422914637
0.5748587743109782,0.13651804743196413,0.28862317825705774,0.16272088490411069
0.6224465361417727,0.2971466341282924,0.08040682972993485,0.9064951945364333
0.1776706843035322,0.3790985316905286,0.4432307840059393,0.44175428913633485
0.573604175470861,0.280320227821798,0.14607559670734102,0.3532142661432916
0.10557558030724004,0.3342321895003521,0.5601922301924078,0.2650243853020251
0.8309424218663735,0.043670964223411615,0.12538661391021508,2.3187813492691314
0.5266159668428279,0.34299300341490035,0.13039102974227182,1.3530793988866368
0.39705856469538736,0.30577983867688063,0.29716159662773206,0.18226355614838893
0.04504955349446507,0.8960442002767606,0.058906246228774314,3.5585402512195383
0.07249423723132917,0.4489916392716741,0.4785141234969967,0.46288851027870603
0.0650757870818467,0.7328771364823478,0.20204707643580558,2.443337604257726
0.0010758805854048938,0.2164775092764572,0.782446610138138,0.0601139950132152
0.0904208303569053,0.13479306472957853,0.7747861049135163,0.13936217833067574
0.16390117623428022,0.17976223631626523,0.6563365874494546,0.23191649632034728
0.0923856387109711,0.30841645667678647,0.5991979046122425,0.26655034225356444
0.8713612551917059,0.010509058130728052,0.11812968667756593,1.108503094156159
0.1641925480439186,0.3230723436724935,0.5127351082835878,0.12020520551155953
0.13912365638205612,0.6923211027321975,0.16855524088574647,1.6586070376974575
0.4017828234554382,0.5749375265833783,0.0232796499611834,1.382159473387517
0.2193435606865378,0.18719716785240698,0.5934592714610553,0.14527015123997
0.03994611512012977,0.8406475405422404,0.11940634433762978,1.890686718555789
0.14975931439728116,0.8019634802663556,0.04827720533636329,4.197065794846794
0.19257822567033203,0.7089031469485644,0.09851862738110355,2.7444186553183685
0.38625548923348535,0.29855725691217966,0.315187253854335,0.37151546515486067
0.4338666431074023,0.1619902701663619,0.40414308672623583,0.048540043906620034
0.23784146444452314,0.04442898859046265,0.7177295469650142,0.10642865196835874
0.14421618632832556,0.10353196666975943,0.7522518470019149,0.16384711237773572
0.0111744485788376,0.5727658706388756,0.41605968078228694,0.8312523784587323
0.0,1.0,0.0,0.6186301703348678
0.1012230241261735,0.33768179709024787,0.5610951787835786,0.19267260986646373
0.49793833843652857,0.18111202453546552,0.32094963702800583,0.18838548966301008
0.4672530127342956,0.24917017216869589,0.2835768150970086,0.3377003779335009
0.3118987565389422,0.0882027600720146,0.5998984833890432,0.19617939592346695
0.0453160142269175,0.31833830954222575,0.6363456762308568,0.383148851689195
0.2889437688661771,0.37165099829147646,0.3394052328423464,0.4685493389439707
0.2504839500385022,0.34942584176072744,0.40009020820077024,0.20441148569480594
0.10202363060750747,0.8349221858559658,0.06305418353652673,1.887812351045302
0.38910179565878766,0.2541725796411872,0.356725624700025,0.1792025014432076
0.0920830077972676,0.3696530417612508,0.5382639504414816,0.2903227862585342
0.31338692906391796,0.11117884348799055,0.5754342274480916,0.13231045342320388
0.5912320755584451,0.13716892789363788,0.2715989965479169,0.10897406827853641
0.10148805338866287,0.2885787683777939,0.6099331782335432,0.2708454458396554
0.29842037302476343,0.6473314464820143,0.054248180493222296,2.7740635712640356
0.40000923152458745,0.5941616992057258,0.005829069269686743,1.3407605798702182
0.4964825816616899,0.05180382169429433,0.45171359664401567,0.0839775509394947
0.5549017438496234,0.18226609749901726,0.26283215865135917,0.20018277806532883
0.3737390985820184,0.2241261340458452,0.4021347673721365,0.2198575425965517
0.05075299027513371,0.7590841422083098,0.19016286751655662,1.9695281852912863
0.4038580579070389,0.4520587604147266,0.14408318167823467,2.780561946267328
0.10004228814136563,0.8409437587427026,0.059013953115931855,3.3566059118287908
0.6218178517525531,0.10896890415783993,0.26921324408960706,0.08615080339054007
0.00258084240733394,0.23599335536311838,0.7614258022295477,0.12879397946290083
0.1244726754979661,0.49128614073953586,0.3842411837624979,0.4196482277312121
0.03141614433000265,0.9626583901894293,0.005925465480567975,1.1113450435451824
0.3766940415699407,0.3372564205344522,0.2860495378956071,0.29458677260990496
0.13282375829358553,0.5789143485369997,0.2882618931694148,1.5919321463937444
0.5980969685409605,0.16011774245332597,0.24178528900571347,0.11703941780864172
0.17138992885565163,1.459324860478967e-05,0.8285954778957436,0.035816107754084
0.27850812734923464,0.5127607328903926,0.20873113976037275,2.624030306466748
0.00713607011836747,0.1544763516910343,0.8383875781905982,0.10090533628356757
0.08054517890552121,0.5320219106196258,0.38743291047485295,0.6304790029658791
0.1298076648652209,0.7260026899076295,0.1441896452271497,2.1544707252206057
0.5550457854647827,0.014758556442940567,0.4301956580922767,0.07043061392182842
0.7231008635752031,0.032085102172727586,0.24481403425206932,0.9638601069203655
0.16034020417792555,0.22688451996212478,0.6127752758599497,0.2875755521563903
0.8575146737529955,0.011425368181332704,0.13105995806567192,0.7187474145914586
0.27419115998799104,0.13978322391651993,0.586025616095489,0.15320040879691998
0.2156858054319259,0.22724932528088515,0.557064869287189,0.12904431057904023
0.49887583913177685,0.2884196288876915,0.2127045319805315,0.4606904227533635
0.41332651382750324,0.5611238638071563,0.025549622365340592,2.4049749214428098
0.2709905078644114,0.3867578986549628,0.3422515934806259,0.3105218423758889
0.644313201330086,0.14089208535272021,0.2147947133171939,0.12244937388728765
0.5575062201108059,0.19604002761240474,0.24645375227678945,0.2697589822962016
0.3333333333333333,0.3333333333333333,0.3333333333333333,0.39718078562180353
0.34851437419097375,0.2653519209511678,0.3861337048578584,0.3550376160970644
0.5411884723164261,0.22238789997515196,0.23642362770842185,0.25887730916483
0.2154558576593257,0.3932839778508682,0.39126016448980605,0.6131247616672035
0.21609529386552975,0.44058912289338825,0.343315583241082,0.6514470269408738
0.3080573959517448,0.3649710680742692,0.3269715359739861,0.27444037562954965
0.5347284471676719,0.19306486656619296,0.27220668626613526,0.12320778500162188
0.639168557409436,0.33804825505503183,0.02278318753553215,1.7687352287967875
0.6115268818773463,0.21894601739776098,0.1695271007248927,0.2740077508258516
0.24916696221359452,0.4897322167913476,0.2611008209950579,1.5632247990090564
0.6215430891054947,0.1085650103073677,0.26989190058713763,0.12207834151633541
0.37957339540165774,0.1574735309858866,0.46295307361245563,0.16885571325178703
0.3650779952208804,0.6183561379797143,0.016565866799405273,1.8669056263983768
0.34767108889962756,0.5945420821985603,0.057786828901812075,2.3706330470830954
0.25877702119264057,0.2930262829377508,0.4481966958696087,0.2619803922218701
0.3513817103601775,0.1440878242379242,0.5045304654018983,0.12853506790498267
0.4098247321897407,0.2440287751340231,0.3461464926762362,0.18113437696016235
0.20106818321216205,0.0659922518789186,0.7329395649089193,0.09304626913928024
0.10482141656734513,0.01722342978614753,0.8779551536465073,0.05842530081374094
0.7623742038294647,0.0990583153255925,0.1385674808449428,0.124213040552994
0.06111274631392822,0.49418471971886374,0.44470253396720805,0.35532541139102763
0.5781517890258591,0.06728963376275664,0.35455857721138434,0.05584539545808985
0.3669165582273139,0.04776851915133073,0.5853149226213554,0.094982643552199
0.2972635001910868,0.5949597793400268,0.10777672046888652,2.46236471424583
0.20388023973092165,0.45092157171125097,0.34519818855782736,0.950142897806784
0.20511419669781286,0.4948151048285391,0.3000706984736481,1.1489224636114337
0.6359718561393892,0.24087659580251394,0.12315154805809685,0.29089892171808535
0.4187936338631197,0.5524107519365471,0.028795614200333275,1.762563937200168
0.7170161318629136,0.021119146814339657,0.2618647213227468,1.235095595820454
0.1929012845119456,0.6954518359225721,0.1116468795654822,2.5742501876914785
0.12677024135461554,0.7002382455831032,0.17299151306228117,2.44647815041542
0.25838991772784253,0.5027010077301153,0.2389090745420422,0.8782833581396418
0.30524350437435177,0.08547612927294951,0.6092803663526988,0.11969487639115241
0.2891467369704272,0.6029377826430783,0.10791548038649454,2.6524877114765157
0.6199307205878198,0.00256151423784511,0.377507765174335,0.04615894762434881
0.46367225678614854,0.4890889637302422,0.04723877948360927,1.9415965831441173
0.40408001935137317,0.4808086513936383,0.11511132925498854,1.3387649009097875
0.698115270325149,0.011640737461287813,0.2902439922135633,1.831077925834734
0.9205873727989536,0.04892503583689836,0.030487591364148057,1.254040508090149
0.43909586968664205,0.47011912949551277,0.0907850008178451,1.3319434267100023
0.11474115991485027,0.2568295883865218,0.628429251698628,0.20096015469989367
0.6205824000313506,0.017184722512938587,0.3622328774557108,0.3858040193534448
0.2837739044227697,0.4200286441225127,0.2961974514547176,0.8203340504126924
0.5134144402222743,0.009703029183130296,0.47688253059459546,0.044551947175956425
0.4239774305178961,0.4047003080261284,0.17132226145597554,1.4423712340829686
0.8166822874562989,0.111631618810947,0.07168609373275416,0.0636549063918253
0.3826932325117365,0.338733757650821,0.27857300983744254,0.5354950807283754
0.06596859261657938,0.1682818309263226,0.765749576457098,0.17752523589784486
0.6421613230034114,0.0301079512072924,0.32773072578929613,0.9949323257866783
0.7552941640856584,0.165987989092858,0.07871784682148363,0.1915834663084067
0.46368640338469086,0.2363426578120005,0.2999709388033087,0.1779774456455838
0.5442133813810373,0.3919209450461288,0.063865673572834,1.2011052547992418
0.5807710960353792,0.1787333752686455,0.2404955286959753,0.2232739533435418
0.0644459616051653,0.5811825637063087,0.3543714746885259,1.367066861593331
0.5915666231427414,0.25165248064703805,0.1567808962102206,0.3902843274843694
0.7232025254922335,0.12481950619301868,0.1519779683147479,0.08031078448138286
0.35389601186845676,0.6009806806903899,0.045123307441153275,2.5899719822816865
0.15164650492892606,0.36216831121731846,0.4861851838537555,0.11791972548184827
0.13011577927321813,0.1967336445187572,0.6731505762080247,0.16647544454447005
0.14893428370733014,0.47721281568720897,0.3738529006054609,0.43529430710640066
0.1161842107748655,0.4746269127285288,0.4091888764966056,1.0867814280242525
0.34588270107623686,0.054524683975527295,0.5995926149482359,0.11160258336058948
0.2414724644059334,0.259711586679535,0.4988159489145315,0.07901829998241446
0.3248681291275225,0.196764253461253,0.4783676174112246,0.15902680940404
0.6044504138067365,0.11117644684441816,0.2843731393488452,0.1713713458567447
0.21455930778313018,0.7051011316290897,0.0803395605877802,1.9865808935238713
0.08522703977610238,0.07161171896225399,0.8431612412616436,0.17028352000040742
0.461466874526073,0.3900995023762316,0.14843362309769545,1.6981304897735279
0.193908085780518,0.18628585696839595,0.6198060572510861,0.1376214315501098
0.6970753184144991,0.17019933926581565,0.13272534231968527,0.13575481466392852
0.257779592997841,0.3304041682097755,0.4118162387923835,0.37446999071773335
0.3667044739999991,0.4819552990804726,0.15134022691952817,0.8857109661592334
0.013162753083377483,0.10756643769424155,0.8792708092223809,0.05914938494197428
0.1680642644719971,0.23204919910714894,0.5998865364208539,0.1911416057840663
0.3078731203083974,0.6085211281789941,0.08360575151260849,1.1326027532764764
0.611734329603584,0.24577067194110502,0.1424949984553109,0.41061860941142425
0.4275618961179754,0.5611733221272598,0.011264781754764745,1.4744235950161955
0.1719379075844519,0.01797186727430754,0.8100902251412405,0.10388995244969101
0.16208516333308354,0.6916004067181123,0.1463144299488041,2.6028492913789187
0.3238377703841135,0.25003596185163923,0.42612626776424734,0.2475318127061293
0.16270349299626494,0.7751448290249554,0.0621516779787796,2.3426593982247206
0.27598970049679256,0.7043690199301029,0.019641279573104548,1.8480052215042369
0.43593373760697557,0.5299626300043766,0.03410363238864785,1.9872474099630741
0.1953436573044457,0.7374122513581974,0.06724409133735677,2.462048845237369
0.3544223288838807,0.09298315188166194,0.5525945192344573,0.1032214325913091
